brand,model,exact_url,best_url,status,matched_file,note
AION,HYPTEC HT Premium,/cars/hyptechtpremium.jpg,/cars/hyptechtpremium.jpg,OK_EXACT,hyptechtpremium.jpg,
AION,HYPTEC HT Ultra,/cars/hyptechtultra.jpg,/cars/hyptechtultra.jpg,OK_EXACT,hyptechtultra.jpg,
AION,AION Y Plus Exclusive,/cars/aionyplusexclusive.jpg,/cars/aionyplusexclusive.jpg,OK_EXACT,aionyplusexclusive.jpg,
AION,AION Y Plus Premium,/cars/aionypluspremium.jpg,/cars/aionypluspremium.jpg,OK_EXACT,aionypluspremium.jpg,
AION,AION V Exclusive,/cars/aionvexclusive.jpg,/cars/aionvexclusive.jpg,OK_EXACT,aionvexclusive.jpg,
AION,AION V Luxury,/cars/aionvluxury.jpg,/cars/aionvluxury.jpg,OK_EXACT,aionvluxury.jpg,
AUDI,A5 2.0 TFSI,/cars/a520tfsi.jpg,/cars/a520tfsi.jpg,OK_EXACT,a520tfsi.jpg,
AUDI,A5 2.0 TFSI A/T SB,/cars/A5 2.0 TFSI AT SB.jpg,/cars/A5 2.0 TFSI AT SB.jpg,OK_EXACT,A5 2.0 TFSI AT SB.jpg,
AUDI,A4 2.0 TFSI A/T,/cars/A4 2.0 TFSI AT.jpg,/cars/A4 2.0 TFSI AT.jpg,OK_EXACT,A4 2.0 TFSI AT.jpg,
AUDI,Q3 1.4 TFSI A/T,/cars/Q3 1.4 TFSI AT.jpg,/cars/Q3 1.4 TFSI AT.jpg,OK_EXACT,Q3 1.4 TFSI AT.jpg,
AUDI,Q7 3.0 TFSI AT,/cars/Q7 3.0 TFSI AT.jpg,/cars/Q7 3.0 TFSI AT.jpg,OK_EXACT,Q7 3.0 TFSI AT.jpg,
AUDI,Q8 3.0 TFSI A/T,/cars/Q8 3.0 TFSI AT.jpg,/cars/Q8 3.0 TFSI AT.jpg,OK_EXACT,Q8 3.0 TFSI AT.jpg,
AUDI,Q5 2.0 TFSI AT,/cars/Q5 2.0 TFSI AT.jpg,/cars/Q5 2.0 TFSI AT.jpg,OK_EXACT,Q5 2.0 TFSI AT.jpg,
BAIC,X055 II,/cars/X055 II.jpg,/cars/X055 II.jpg,OK_EXACT,X055 II.jpg,
BAIC,X055 Prime,/cars/X055 Prime.jpg,/cars/X055 Prime.jpg,OK_EXACT,X055 Prime.jpg,
BAIC,X055 II Lite,/cars/X055 II LITE.jpg,/cars/X055 II LITE.jpg,OK_EXACT,X055 II LITE.jpg,
BAIC,BJ30 FWD,/cars/BJ30 FWD.jpg,/cars/BJ30 FWD.jpg,OK_EXACT,BJ30 FWD.jpg,
BAIC,BJ030 AWD,/cars/BJ030 AWD.jpg,/cars/BJ030 AWD.jpg,OK_EXACT,BJ030 AWD.jpg,
BAIC,BJ040 PLUS,/cars/BJ040 PLUS.jpg,/cars/BJ040 PLUS.jpg,OK_EXACT,BJ040 PLUS.jpg,
BAIC,BJ080,/cars/BJ080.png,/cars/BJ080.png,OK_EXACT,BJ080.png,
BMW,i7 xDrive60 Limousine RHD AT,/cars/i7 xDrive60 Limousine RHD AT.jpg,/cars/i7 xDrive60 Limousine RHD AT.jpg,OK_EXACT,i7 xDrive60 Limousine RHD AT.jpg,
BMW,CBU i4 eDrive35 Gran Coupe AT,/cars/CBU i4 eDrive35 Gran Coupe AT.jpg,/cars/CBU i4 eDrive35 Gran Coupe AT.jpg,OK_EXACT,CBU i4 eDrive35 Gran Coupe AT.jpg,
BMW,218 AT,,/cars/default.jpg,MISS,,
BMW,218i Gran Coupe,/cars/218i Gran Coupe.jpg,/cars/218i Gran Coupe.jpg,OK_EXACT,218i Gran Coupe.jpg,
BMW,218i Gran Coupe F74,/cars/218i Gran Coupe F74.jpg,/cars/218i Gran Coupe F74.jpg,OK_EXACT,218i Gran Coupe F74.jpg,
BMW,220i Coupe AT,/cars/220i Coupe AT.jpg,/cars/220i Coupe AT.jpg,OK_EXACT,220i Coupe AT.jpg,
BMW,320i CKD AT,/cars/320i CKD AT.jpg,/cars/320i CKD AT.jpg,OK_EXACT,320i CKD AT.jpg,
BMW,330i CKD B7 AT,/cars/330i CKD B7AT.jpg,/cars/330i CKD B7AT.jpg,OK_EXACT,330i CKD B7AT.jpg,
BMW,330I 62FY A/T,/cars/330I 62FY AT.jpg,/cars/330I 62FY AT.jpg,OK_EXACT,330I 62FY AT.jpg,
BMW,M2 Coupe RHD MX AT,/cars/M2 Coupe RHD MX AT.jpg,/cars/M2 Coupe RHD MX AT.jpg,OK_EXACT,M2 Coupe RHD MX AT.jpg,
BMW,M3 Competition M xDrive T AT,/cars/M3 Competition M xDrive T AT.jpg,/cars/M3 Competition M xDrive T AT.jpg,OK_EXACT,M3 Competition M xDrive T AT.jpg,
BMW,M4 CS A/T,/cars/M4 CS AT.png,/cars/M4 CS AT.png,OK_EXACT,M4 CS AT.png,
BMW,430i Convertible AT,/cars/430i Convertible AT.jpg,/cars/430i Convertible AT.jpg,OK_EXACT,430i Convertible AT.jpg,
BMW,430i AT,/cars/430i AT.jpg,/cars/430i AT.jpg,OK_EXACT,430i AT.jpg,
BMW,M4 Convertible Competition M xDrive 32HK AT,/cars/M4 Convertible Competition M xDrive 32HK AT.jpg,/cars/M4 Convertible Competition M xDrive 32HK AT.jpg,OK_EXACT,M4 Convertible Competition M xDrive 32HK AT.jpg,
BMW,M4 Coupe Competition M xDrive 42BA AT,/cars/M4 Coupe Competition M xDrive 42BA AT.jpg,/cars/M4 Coupe Competition M xDrive 42BA AT.jpg,OK_EXACT,M4 Coupe Competition M xDrive 42BA AT.jpg,
BMW,520i G60 CKD AT,/cars/520i G60 CKD AT.jpg,/cars/520i G60 CKD AT.jpg,OK_EXACT,520i G60 CKD AT.jpg,
BMW,530e,/cars/530e.jpg,/cars/530e.jpg,OK_EXACT,530e.jpg,
BMW,520i,/cars/520i.jpg,/cars/520i.jpg,OK_EXACT,520i.jpg,
BMW,i5 eDrive40,/cars/i5 eDrive40.jpg,/cars/i5 eDrive40.jpg,OK_EXACT,i5 eDrive40.jpg,
BMW,i5 M60 xDrive A/T,/cars/i5 M60 xDrive AT.jpg,/cars/i5 M60 xDrive AT.jpg,OK_EXACT,i5 M60 xDrive AT.jpg,
BMW,i5 eDrive40 (12HH) A/T,/cars/i5 eDrive40 (12HH) AT.jpg,/cars/i5 eDrive40 (12HH) AT.jpg,OK_EXACT,i5 eDrive40 (12HH) AT.jpg,
BMW,i7 M70 xDrive AT S,/cars/i7 M70 xDrive AT S.jpg,/cars/i7 M70 xDrive AT S.jpg,OK_EXACT,i7 M70 xDrive AT S.jpg,
BMW,735i Limousine RHD A/T,/cars/735i Limousine RHD AT.jpg,/cars/735i Limousine RHD AT.jpg,OK_EXACT,735i Limousine RHD AT.jpg,
BMW,735i Limousine RHD AT,/cars/735i Limousine RHD AT.jpg,/cars/735i Limousine RHD AT.jpg,OK_EXACT,735i Limousine RHD AT.jpg,
BMW,Z4 sDrive30i AT,/cars/Z4 sDrive30i AT.jpg,/cars/Z4 sDrive30i AT.jpg,OK_EXACT,Z4 sDrive30i AT.jpg,
BMW,Z4 M40i AT,/cars/Z4 M40i AT.jpg,/cars/Z4 M40i AT.jpg,OK_EXACT,Z4 M40i AT.jpg,
BMW,i440 Gran Coupe AT,/cars/i440 Gran Coupe AT.webp,/cars/i440 Gran Coupe AT.webp,OK_EXACT,i440 Gran Coupe AT.webp,
BMW,X1 sDrive18i U11 A7 AT,/cars/X1 sDrive18i U11 A7AT.jpg,/cars/X1 sDrive18i U11 A7AT.jpg,OK_EXACT,X1 sDrive18i U11 A7AT.jpg,
BMW,X1 sDrive18i,/cars/X1 sDrive18i.jpg,/cars/X1 sDrive18i.jpg,OK_EXACT,X1 sDrive18i.jpg,
BMW,X3 sDrive20i G01 CKD AT,/cars/X3 sDrive20i G01 CKD AT.jpg,/cars/X3 sDrive20i G01 CKD AT.jpg,OK_EXACT,X3 sDrive20i G01 CKD AT.jpg,
BMW,X3 xDrive 20i0G45,/cars/X3 xDrive 20i0G45.jpg,/cars/X3 xDrive 20i0G45.jpg,OK_EXACT,X3 xDrive 20i0G45.jpg,
BMW,iX2 xDrive30 A/T,,/cars/default.jpg,MISS,,
BMW,X3 xDrive30i G01 CKD AT,/cars/X3 xDrive30i G01 CKD AT.png,/cars/X3 xDrive30i G01 CKD AT.png,OK_EXACT,X3 xDrive30i G01 CKD AT.png,
BMW,CBU X3 20 xDrive AT 32GP S,/cars/CBU X3 20 xDrive AT 32GP S.jpg,/cars/CBU X3 20 xDrive AT 32GP S.jpg,OK_EXACT,CBU X3 20 xDrive AT 32GP S.jpg,
BMW,X4 xDrive30i RHD AT,/cars/X4 xDrive30i RHD AT.jpg,/cars/X4 xDrive30i RHD AT.jpg,OK_EXACT,X4 xDrive30i RHD AT.jpg,
BMW,X5,/cars/X5.jpg,/cars/X5.jpg,OK_EXACT,X5.jpg,
BMW,X5 xDrive40i G05 CKD AT,/cars/X5 xDrive40i G05 CKD AT.jpg,/cars/X5 xDrive40i G05 CKD AT.jpg,OK_EXACT,X5 xDrive40i G05 CKD AT.jpg,
BMW,X6 xDrive40i M Sport A/T,/cars/X6 xDrive40i M Sport AT.jpg,/cars/X6 xDrive40i M Sport AT.jpg,OK_EXACT,X6 xDrive40i M Sport AT.jpg,
BMW,X7 xDrive40i G07 CKD AT,/cars/X7 xDrive40i G07 CKD AT.jpg,/cars/X7 xDrive40i G07 CKD AT.jpg,OK_EXACT,X7 xDrive40i G07 CKD AT.jpg,
BMW,iX xDrive40 AT,,/cars/default.jpg,MISS,,
BMW,XM AT,/cars/XM AT.jpg,/cars/XM AT.jpg,OK_EXACT,XM AT.jpg,
BMW,XM 50e AT,/cars/XM 50e AT.webp,/cars/XM 50e AT.webp,OK_EXACT,XM 50e AT.webp,
BMW,XM Label AT,/cars/XM Label AT.jpg,/cars/XM Label AT.jpg,OK_EXACT,XM Label AT.jpg,
BMW,iX1 eDrive20 A/T,,/cars/default.jpg,MISS,,
BMW,iX xDrive50,/cars/iX xDrive50.jpg,/cars/iX xDrive50.jpg,OK_EXACT,iX xDrive50.jpg,
BYD,Seal Dynamic,/cars/Seal Dynamic.jpg,/cars/Seal Dynamic.jpg,OK_EXACT,Seal Dynamic.jpg,
BYD,Seal Premium Extended Range,/cars/Seal Premium Extended Range.jpg,/cars/Seal Premium Extended Range.jpg,OK_EXACT,Seal Premium Extended Range.jpg,
BYD,Seal Performance,/cars/Seal Performance.jpg,/cars/Seal Performance.jpg,OK_EXACT,Seal Performance.jpg,
BYD,Atto 3 Advanced Standard Range,/cars/Atto 3 Advanced Standard Range.jpg,/cars/Atto 3 Advanced Standard Range.jpg,OK_EXACT,Atto 3 Advanced Standard Range.jpg,
BYD,Atto 3 Superior Extended Range,/cars/Atto 3 Superior Extended Range.jpg,/cars/Atto 3 Superior Extended Range.jpg,OK_EXACT,Atto 3 Superior Extended Range.jpg,
BYD,Dolphin Dynamic Standard Range,/cars/Dolphin Dynamic Standard Range.jpg,/cars/Dolphin Dynamic Standard Range.jpg,OK_EXACT,Dolphin Dynamic Standard Range.jpg,
BYD,Dolphin Premium Standard Range,/cars/Dolphin Premium Standard Range.jpg,/cars/Dolphin Premium Standard Range.jpg,OK_EXACT,Dolphin Premium Standard Range.jpg,
BYD,M6 Superior Captain,/cars/M6 Superior Captain.jpg,/cars/M6 Superior Captain.jpg,OK_EXACT,M6 Superior Captain.jpg,
BYD,M6 Superior,/cars/M6 Superior.jpg,/cars/M6 Superior.jpg,OK_EXACT,M6 Superior.jpg,
BYD,M6 Standard,/cars/M6 Standard.jpg,/cars/M6 Standard.jpg,OK_EXACT,M6 Standard.jpg,
BYD,E6 GS020,/cars/E6 GS020.jpg,/cars/E6 GS020.jpg,OK_EXACT,E6 GS020.jpg,
BYD,Sealion 7 Premium,/cars/Sealion 7 Premium.jpg,/cars/Sealion 7 Premium.jpg,OK_EXACT,Sealion 7 Premium.jpg,
BYD,Sealion 7 Performance,/cars/Sealion 7 Performance.jpg,/cars/Sealion 7 Performance.jpg,OK_EXACT,Sealion 7 Performance.jpg,
CHERY,Tiggo Cross CSH,,/cars/default.jpg,MISS,,
CHERY,Tiggo 7 Premium,/cars/Tiggo 7 Premium.jpg,/cars/Tiggo 7 Premium.jpg,OK_EXACT,Tiggo 7 Premium.jpg,
CHERY,Tiggo 7 Luxury,/cars/Tiggo 7 Luxury.jpg,/cars/Tiggo 7 Luxury.jpg,OK_EXACT,Tiggo 7 Luxury.jpg,
CHERY,Tiggo 7 Comfort,/cars/Tiggo 7 Comfort.jpg,/cars/Tiggo 7 Comfort.jpg,OK_EXACT,Tiggo 7 Comfort.jpg,
CHERY,Tiggo 9 Csh Fwd,/cars/Tiggo 9 Csh Fwd.jpg,/cars/Tiggo 9 Csh Fwd.jpg,OK_EXACT,Tiggo 9 Csh Fwd.jpg,
CHERY,Omoda 5 Z,/cars/Omoda 5 Z.jpg,/cars/Omoda 5 Z.jpg,OK_EXACT,Omoda 5 Z.jpg,
CHERY,Omoda 5 Gt,/cars/Omoda 5 Gt.jpg,/cars/Omoda 5 Gt.jpg,OK_EXACT,Omoda 5 Gt.jpg,
CHERY,Omoda 5 Z (Facelift),/cars/Omoda 5 Z (Facelift).png,/cars/Omoda 5 Z (Facelift).png,OK_EXACT,Omoda 5 Z (Facelift).png,
CHERY,Omoda 5 RZ (Facelift),/cars/Omoda 5 RZ (Facelift).png,/cars/Omoda 5 RZ (Facelift).png,OK_EXACT,Omoda 5 RZ (Facelift).png,
CHERY,Omoda 5 Rs,/cars/Omoda 5 Rs.jpg,/cars/Omoda 5 Rs.jpg,OK_EXACT,Omoda 5 Rs.jpg,
CHERY,OmodaE5 Pure,/cars/OmodaE5 Pure.webp,/cars/OmodaE5 Pure.webp,OK_EXACT,OmodaE5 Pure.webp,
CHERY,Omoda E5,/cars/OmodaE5.webp,/cars/OmodaE5.webp,OK_EXACT,OmodaE5.webp,
CHERY,iCar 03 RWD,/cars/iCar 03 RWD.jpg,/cars/iCar 03 RWD.jpg,OK_EXACT,iCar 03 RWD.jpg,
CHERY,Tiggo 5X  Classic,/cars/Tiggo 5X Classic.jpg,/cars/Tiggo 5X Classic.jpg,OK_EXACT,Tiggo 5X Classic.jpg,
CHERY,Tiggo 5X  Champion,/cars/Tiggo 5X Champion.jpg,/cars/Tiggo 5X Champion.jpg,OK_EXACT,Tiggo 5X Champion.jpg,
CHERY,Tiggo Cross Comfort,/cars/Tiggo Cross Comfort.jpg,/cars/Tiggo Cross Comfort.jpg,OK_EXACT,Tiggo Cross Comfort.jpg,
CHERY,Tiggo Cross  Premium,,/cars/default.jpg,MISS,,
CHERY,Tiggo Cross  Sport,,/cars/default.jpg,MISS,,
CHERY,Tiggo 8  Pro Max Fwd,/cars/Tiggo 8 Pro Max Fwd.jpeg,/cars/Tiggo 8 Pro Max Fwd.jpeg,OK_EXACT,Tiggo 8 Pro Max Fwd.jpeg,
CHERY,Tiggo 8 Csh Fwd,/cars/Tiggo 8 Csh Fwd.webp,/cars/Tiggo 8 Csh Fwd.webp,OK_EXACT,Tiggo 8 Csh Fwd.webp,
CHERY,"Tiggo 8  1,6 Premium","/cars/Tiggo 8 1,6 Premium.png","/cars/Tiggo 8 1,6 Premium.png",OK_EXACT,"Tiggo 8 1,6 Premium.png",
CHERY,Tiggo 8  Pro Premium,/cars/Tiggo 8 Pro Premium.jpg,/cars/Tiggo 8 Pro Premium.jpg,OK_EXACT,Tiggo 8 Pro Premium.jpg,
CHERY,Tiggo 8  Pro Luxury,/cars/Tiggo 8 Pro Luxury.jpg,/cars/Tiggo 8 Pro Luxury.jpg,OK_EXACT,Tiggo 8 Pro Luxury.jpg,
CHERY,Omoda 5 GT 4X4,/cars/Omoda 5 GT 4X4.webp,/cars/Omoda 5 GT 4X4.webp,OK_EXACT,Omoda 5 GT 4X4.webp,
CHERY,iCar 03 AWD,/cars/iCar 03 AWD.jpeg,/cars/iCar 03 AWD.jpeg,OK_EXACT,iCar 03 AWD.jpeg,
CHERY,"Tiggo 8  1,6   Comfort","/cars/Tiggo 8 1,6 Comfort.png","/cars/Tiggo 8 1,6 Comfort.png",OK_EXACT,"Tiggo 8 1,6 Comfort.png",
CHERY,Tiggo 8  Max  Awd,/cars/Tiggo 8 Max Awd.jpg,/cars/Tiggo 8 Max Awd.jpg,OK_EXACT,Tiggo 8 Max Awd.jpg,
CITROEN,New E0C3 All Electric,/cars/New E0C3 All Electric.jpg,/cars/New E0C3 All Electric.jpg,OK_EXACT,New E0C3 All Electric.jpg,
CITROEN,New C3 Aircross SUV,/cars/New C3 Aircross SUV.jpg,/cars/New C3 Aircross SUV.jpg,OK_EXACT,New C3 Aircross SUV.jpg,
CITROEN,All New C3 Aircross SUV,/cars/All New C3 Aircross SUV.jpg,/cars/All New C3 Aircross SUV.jpg,OK_EXACT,All New C3 Aircross SUV.jpg,
CITROEN,New Citroën C3,/cars/New Citroën C3.jpg,/cars/New Citroën C3.jpg,OK_EXACT,New Citroën C3.jpg,
CITROEN,New Citroën E0C4 Electric,/cars/New Citroën E0C4 Electric.png,/cars/New Citroën E0C4 Electric.png,OK_EXACT,New Citroën E0C4 Electric.png,
CITROEN,New Citroën C5 Aircross,/cars/New Citroën C5 Aircross.png,/cars/New Citroën C5 Aircross.png,OK_EXACT,New Citroën C5 Aircross.png,
DAIHATSU,All New Xenia 1.3 X MT,/cars/All New Xenia 1.3 X MT.jpg,/cars/All New Xenia 1.3 X MT.jpg,OK_EXACT,All New Xenia 1.3 X MT.jpg,
DAIHATSU,All New Xenia 1.3 X CVT,/cars/All New Xenia 1.3 X CVT.jpg,/cars/All New Xenia 1.3 X CVT.jpg,OK_EXACT,All New Xenia 1.3 X CVT.jpg,
DAIHATSU,All New Xenia 1.3 R MT,/cars/All New Xenia 1.3 R MT.jpg,/cars/All New Xenia 1.3 R MT.jpg,OK_EXACT,All New Xenia 1.3 R MT.jpg,
DAIHATSU,All New Xenia 1.3 R CVT,/cars/All New Xenia 1.3 R CVT.jpg,/cars/All New Xenia 1.3 R CVT.jpg,OK_EXACT,All New Xenia 1.3 R CVT.jpg,
DAIHATSU,All New Xenia 1.5 R MT,/cars/All New Xenia 1.5 R MT.png,/cars/All New Xenia 1.5 R MT.png,OK_EXACT,All New Xenia 1.5 R MT.png,
DAIHATSU,All New Xenia 1.5 R CVT,/cars/All New Xenia 1.5 R CVT.png,/cars/All New Xenia 1.5 R CVT.png,OK_EXACT,All New Xenia 1.5 R CVT.png,
DAIHATSU,New Sirion R Cvt (Mc 2022),/cars/New Sirion R Cvt (Mc 2022).png,/cars/New Sirion R Cvt (Mc 2022).png,OK_EXACT,New Sirion R Cvt (Mc 2022).png,
DAIHATSU,Gran Max BV 1.3,/cars/Gran Max BV 1.3.png,/cars/Gran Max BV 1.3.png,OK_EXACT,Gran Max BV 1.3.png,
DAIHATSU,Gran Max BV 1.5,/cars/Gran Max BV 1.5.png,/cars/Gran Max BV 1.5.png,OK_EXACT,Gran Max BV 1.5.png,
DAIHATSU,Gran Max MB 1.3 HI  FF,,/cars/default.jpg,MISS,,
DAIHATSU,Gran Max MB 1.3 HI,/cars/Gran Max MB 1.3 HI.png,/cars/Gran Max MB 1.3 HI.png,OK_EXACT,Gran Max MB 1.3 HI.png,
DAIHATSU,Gran Max MB 1.5 HI,/cars/Gran Max MB 1.5 HI.png,/cars/Gran Max MB 1.5 HI.png,OK_EXACT,Gran Max MB 1.5 HI.png,
DAIHATSU,Luxio 1.5 D (New),/cars/Luxio 1.5 D (New).png,/cars/Luxio 1.5 D (New).png,OK_EXACT,Luxio 1.5 D (New).png,
DAIHATSU,Luxio 1.5 X MT (New),/cars/Luxio 1.5 X MT (New).png,/cars/Luxio 1.5 X MT (New).png,OK_EXACT,Luxio 1.5 X MT (New).png,
DAIHATSU,Luxio 1.5 X AT (New),/cars/Luxio 1.5 X AT (New).png,/cars/Luxio 1.5 X AT (New).png,OK_EXACT,Luxio 1.5 X AT (New).png,
DAIHATSU,Luxio 1.5 AK MT,/cars/Luxio 1.5 AK MT.png,/cars/Luxio 1.5 AK MT.png,OK_EXACT,Luxio 1.5 AK MT.png,
DAIHATSU,All New Terios IDS X MT (MC 2023),/cars/All New Terios IDS X MT (MC 2023).png,/cars/All New Terios IDS X MT (MC 2023).png,OK_EXACT,All New Terios IDS X MT (MC 2023).png,
DAIHATSU,All New Terios IDS X AT (MC 2023),/cars/All New Terios IDS X AT (MC 2023).png,/cars/All New Terios IDS X AT (MC 2023).png,OK_EXACT,All New Terios IDS X AT (MC 2023).png,
DAIHATSU,All New Terios IDS R MT (MC 2023),/cars/All New Terios IDS R MT (MC 2023).png,/cars/All New Terios IDS R MT (MC 2023).png,OK_EXACT,All New Terios IDS R MT (MC 2023).png,
DAIHATSU,All New Terios IDS R AT (MC 2023),/cars/All New Terios IDS R AT (MC 2023).png,/cars/All New Terios IDS R AT (MC 2023).png,OK_EXACT,All New Terios IDS R AT (MC 2023).png,
DAIHATSU,All New Terios IDS Custom MT (MC 2023),/cars/All New Terios IDS Custom MT (MC 2023).png,/cars/All New Terios IDS Custom MT (MC 2023).png,OK_EXACT,All New Terios IDS Custom MT (MC 2023).png,
DAIHATSU,All New Terios IDS Custom AT (MC 2023),/cars/All New Terios IDS Custom AT (MC 2023).png,/cars/All New Terios IDS Custom AT (MC 2023).png,OK_EXACT,All New Terios IDS Custom AT (MC 2023).png,
DAIHATSU,Rocky  1.0 R ASA CVT,/cars/Rocky 1.0 R ASA CVT.png,/cars/Rocky 1.0 R ASA CVT.png,OK_EXACT,Rocky 1.0 R ASA CVT.png,
DAIHATSU,Rocky  1.0 R CVT,/cars/Rocky 1.0 R CVT.png,/cars/Rocky 1.0 R CVT.png,OK_EXACT,Rocky 1.0 R CVT.png,
DAIHATSU,Rocky  1.0 R MT,/cars/Rocky 1.0 R MT.png,/cars/Rocky 1.0 R MT.png,OK_EXACT,Rocky 1.0 R MT.png,
DAIHATSU,Rocky  1.2 X CVT,/cars/Rocky 1.2 X CVT.jpg,/cars/Rocky 1.2 X CVT.jpg,OK_EXACT,Rocky 1.2 X CVT.jpg,
DAIHATSU,Rocky  1.2 X MT,/cars/Rocky 1.2 X MT.png,/cars/Rocky 1.2 X MT.png,OK_EXACT,Rocky 1.2 X MT.png,
DAIHATSU,Rocky  1.2 M CVT,/cars/Rocky 1.2 M CVT.png,/cars/Rocky 1.2 M CVT.png,OK_EXACT,Rocky 1.2 M CVT.png,
DAIHATSU,Rocky  1.2 M MT,/cars/Rocky 1.2 M MT.png,/cars/Rocky 1.2 M MT.png,OK_EXACT,Rocky 1.2 M MT.png,
DAIHATSU,Gran Max PU 1.3 STD,,/cars/default.jpg,MISS,,
DAIHATSU,Gran Max PU 1.3 30WAY,,/cars/default.jpg,MISS,,
DAIHATSU,Gran Max PU 1.3 Deckless,,/cars/default.jpg,MISS,,
DAIHATSU,Gran Max PU 1.3 Gateless,,/cars/default.jpg,MISS,,
DAIHATSU,Gran Max PU 1.5 STD,,/cars/default.jpg,MISS,,
DAIHATSU,Gran Max PU 1.5 STD AC PS,,/cars/default.jpg,MISS,,
DAIHATSU,Gran Max PU 1.5 30WAY,,/cars/default.jpg,MISS,,
DAIHATSU,All New Ayla 1.0 M MT (FMC 2023),/cars/All New Ayla 1.0 M MT (FMC 2023).png,/cars/All New Ayla 1.0 M MT (FMC 2023).png,OK_EXACT,All New Ayla 1.0 M MT (FMC 2023).png,
DAIHATSU,All New Ayla 1.0 X MT (FMC 2023),/cars/All New Ayla 1.0 X MT (FMC 2023).png,/cars/All New Ayla 1.0 X MT (FMC 2023).png,OK_EXACT,All New Ayla 1.0 X MT (FMC 2023).png,
DAIHATSU,All New Ayla 1.0 X CVT (FMC 2023),/cars/All New Ayla 1.0 X CVT (FMC 2023).png,/cars/All New Ayla 1.0 X CVT (FMC 2023).png,OK_EXACT,All New Ayla 1.0 X CVT (FMC 2023).png,
DAIHATSU,All New Ayla 1.2 R MT (FMC 2023),/cars/All New Ayla 1.2 R MT (FMC 2023).png,/cars/All New Ayla 1.2 R MT (FMC 2023).png,OK_EXACT,All New Ayla 1.2 R MT (FMC 2023).png,
DAIHATSU,All New Ayla 1.2 R CVT (FMC 2023),/cars/All New Ayla 1.2 R CVT (FMC 2023).png,/cars/All New Ayla 1.2 R CVT (FMC 2023).png,OK_EXACT,All New Ayla 1.2 R CVT (FMC 2023).png,
DAIHATSU,New Sigra 1.0 D MT 2022,/cars/New Sigra 1.0 D MT 2022.png,/cars/New Sigra 1.0 D MT 2022.png,OK_EXACT,New Sigra 1.0 D MT 2022.png,
DAIHATSU,New Sigra 1.0 M MT 2022,/cars/New Sigra 1.0 M MT 2022.png,/cars/New Sigra 1.0 M MT 2022.png,OK_EXACT,New Sigra 1.0 M MT 2022.png,
DAIHATSU,New Sigra 1.2 X MT 2022,/cars/New Sigra 1.2 X MT 2022.png,/cars/New Sigra 1.2 X MT 2022.png,OK_EXACT,New Sigra 1.2 X MT 2022.png,
DAIHATSU,New Sigra 1.2 X AT 2022,/cars/New Sigra 1.2 X AT 2022.png,/cars/New Sigra 1.2 X AT 2022.png,OK_EXACT,New Sigra 1.2 X AT 2022.png,
DAIHATSU,New Sigra 1.2 R MT 2022,/cars/New Sigra 1.2 R MT 2022.png,/cars/New Sigra 1.2 R MT 2022.png,OK_EXACT,New Sigra 1.2 R MT 2022.png,
DAIHATSU,New Sigra 1.2 R AT 2022,/cars/New Sigra 1.2 R AT 2022.png,/cars/New Sigra 1.2 R AT 2022.png,OK_EXACT,New Sigra 1.2 R AT 2022.png,
DENZA,D9 Advanced,/cars/D9 Advanced.png,/cars/D9 Advanced.png,OK_EXACT,D9 Advanced.png,
DFSK,GELORA EC35 BLIND VAN (4X2) A/T,,/cars/default.jpg,MISS,,
DFSK,GELORA EC36 MINI BUS 1.5 (4X2) A/T,,/cars/default.jpg,MISS,,
DFSK,DXK1021TYQ1 1.5 AC STD (4X2) MT,/cars/DXK1021tyq115acstd4x2MT.png,/cars/DXK1021tyq115acstd4x2MT.png,OK_EXACT,DXK1021tyq115acstd4x2MT.png,
FORD,Everest Sport 2.0L (4x2) A/T,/cars/Everest Sport 2.0L (4x2) AT.jpg,/cars/Everest Sport 2.0L (4x2) AT.jpg,OK_EXACT,Everest Sport 2.0L (4x2) AT.jpg,
FORD,Everest Titanium 2.0L (4x4) A/T,/cars/Everest Titanium 2.0L (4x4) AT.jpg,/cars/Everest Titanium 2.0L (4x4) AT.jpg,OK_EXACT,Everest Titanium 2.0L (4x4) AT.jpg,
FORD,Everest XLT 2.0L (4x4) A/T,/cars/Everest XLT 2.0L (4x4) AT.jpg,/cars/Everest XLT 2.0L (4x4) AT.jpg,OK_EXACT,Everest XLT 2.0L (4x4) AT.jpg,
FORD,Everest Titanium 2.0L (4x4) A/T MY22,/cars/Everest Titanium 2.0L (4x4) AT MY22.webp,/cars/Everest Titanium 2.0L (4x4) AT MY22.webp,OK_EXACT,Everest Titanium 2.0L (4x4) AT MY22.webp,
FORD,Ranger DC Wildtrak 2.0L (4x4) A/T,/cars/Ranger DC Wildtrak 2.0L (4x4) AT.jpg,/cars/Ranger DC Wildtrak 2.0L (4x4) AT.jpg,OK_EXACT,Ranger DC Wildtrak 2.0L (4x4) AT.jpg,
FORD,Ranger DC XLT 2.0L (4x4) A/T,/cars/Ranger DC XLT 2.0L (4x4) AT.jpg,/cars/Ranger DC XLT 2.0L (4x4) AT.jpg,OK_EXACT,Ranger DC XLT 2.0L (4x4) AT.jpg,
FORD,Ranger DC Base 2.0L (4x4) M/T,/cars/Ranger DC Base 2.0L (4x4) MT.jpg,/cars/Ranger DC Base 2.0L (4x4) MT.jpg,OK_EXACT,Ranger DC Base 2.0L (4x4) MT.jpg,
FORD,Ranger DC Raptor 2.0L (4x4) A/T,/cars/Ranger DC Raptor 2.0L (4x4) AT.jpg,/cars/Ranger DC Raptor 2.0L (4x4) AT.jpg,OK_EXACT,Ranger DC Raptor 2.0L (4x4) AT.jpg,
FORD,Ranger DC Raptor 3.0L (4x4) A/T,/cars/Ranger DC Raptor 3.0L (4x4) AT.jpg,/cars/Ranger DC Raptor 3.0L (4x4) AT.jpg,OK_EXACT,Ranger DC Raptor 3.0L (4x4) AT.jpg,
FORD,Ranger DC XL 2.0L (4x4) M/T,/cars/Ranger DC XL 2.0L (4x4) MT.jpg,/cars/Ranger DC XL 2.0L (4x4) MT.jpg,OK_EXACT,Ranger DC XL 2.0L (4x4) MT.jpg,
FORD,Ranger DC Wildtrak 2.0L (4x4) A/T MY22,/cars/Ranger DC Wildtrak 2.0L (4x4) AT MY22.jpg,/cars/Ranger DC Wildtrak 2.0L (4x4) AT MY22.jpg,OK_EXACT,Ranger DC Wildtrak 2.0L (4x4) AT MY22.jpg,
FORD,Ranger DC XLT 2.2L (4x4) A/T MY22,/cars/Ranger DC XLT 2.2L (4x4) AT MY22.jpg,/cars/Ranger DC XLT 2.2L (4x4) AT MY22.jpg,OK_EXACT,Ranger DC XLT 2.2L (4x4) AT MY22.jpg,
FORD,Ranger DC XL 2.2L (4x4) M/T MY22,/cars/Ranger DC XL 2.2L (4x4) MT MY22.jpg,/cars/Ranger DC XL 2.2L (4x4) MT MY22.jpg,OK_EXACT,Ranger DC XL 2.2L (4x4) MT MY22.jpg,
GEELY,EX5 PRO,/cars/EX5 PRO.jpg,/cars/EX5 PRO.jpg,OK_EXACT,EX5 PRO.jpg,
GEELY,EX5 MAX,/cars/EX5 MAX.jpg,/cars/EX5 MAX.jpg,OK_EXACT,EX5 MAX.jpg,
GWM,HAVAL H6 Hev 1.5T DHT (4x2) A/T,/cars/HAVAL H6 Hev 1.5T DHT (4x2) AT.jpg,/cars/HAVAL H6 Hev 1.5T DHT (4x2) AT.jpg,OK_EXACT,HAVAL H6 Hev 1.5T DHT (4x2) AT.jpg,
GWM,HAVAL Jolion Hev 1.5T DHT (4x2) A/T,/cars/HAVAL Jolion Hev 1.5T DHT (4x2) AT.jpg,/cars/HAVAL Jolion Hev 1.5T DHT (4x2) AT.jpg,OK_EXACT,HAVAL Jolion Hev 1.5T DHT (4x2) AT.jpg,
GWM,ORA 03 400 PRO (4X2) A/T,/cars/ORA 03 400 PRO (4X2) AT.png,/cars/ORA 03 400 PRO (4X2) AT.png,OK_EXACT,ORA 03 400 PRO (4X2) AT.png,
GWM,ORA 07 PERFORMANCE AWD,/cars/ORA 07 PERFORMANCE AWD.jpeg,/cars/ORA 07 PERFORMANCE AWD.jpeg,OK_EXACT,ORA 07 PERFORMANCE AWD.jpeg,
GWM,TANK 5000 Hev 2.0T (4X4) A/T,/cars/TANK 5000 Hev 2.0T (4X4) AT.jpg,/cars/TANK 5000 Hev 2.0T (4X4) AT.jpg,OK_EXACT,TANK 5000 Hev 2.0T (4X4) AT.jpg,
GWM,TANK 3000 Hev 2.0T (4X4) A/T,/cars/TANK 3000 Hev 2.0T (4X4) AT.jpg,/cars/TANK 3000 Hev 2.0T (4X4) AT.jpg,OK_EXACT,TANK 3000 Hev 2.0T (4X4) AT.jpg,
GWM,GWM TANK 3000DIESEL 2.4T (4X4) A/T,/cars/GWM TANK 3000DIESEL 2.4T (4X4) AT.jpg,/cars/GWM TANK 3000DIESEL 2.4T (4X4) AT.jpg,OK_EXACT,GWM TANK 3000DIESEL 2.4T (4X4) AT.jpg,
HONDA,All New City,/cars/All New City.jpg,/cars/All New City.jpg,OK_EXACT,All New City.jpg,
HONDA,All New Civic,/cars/All New Civic.jpg,/cars/All New Civic.jpg,OK_EXACT,All New Civic.jpg,
HONDA,New Civic,/cars/New Civic.jpg,/cars/New Civic.jpg,OK_EXACT,New Civic.jpg,
HONDA,Civic Type R,/cars/Civic Type R.jpg,/cars/Civic Type R.jpg,OK_EXACT,Civic Type R.jpg,
HONDA,Brio RS,/cars/Brio RS.jpg,/cars/Brio RS.jpg,OK_EXACT,Brio RS.jpg,
HONDA,All New CRV 1.5 T,/cars/All New CRV 1.5 T.jpg,/cars/All New CRV 1.5 T.jpg,OK_EXACT,All New CRV 1.5 T.jpg,
HONDA,All New Veloz 1.5 2021,,/cars/default.jpg,MISS,,
HONDA,New HRV E,/cars/New HRV E.jpg,/cars/New HRV E.jpg,OK_EXACT,New HRV E.jpg,
HONDA,New HRV SE,/cars/New HRV SE.jpg,/cars/New HRV SE.jpg,OK_EXACT,New HRV SE.jpg,
HONDA,New HRV RS,/cars/New HRV RS.jpg,/cars/New HRV RS.jpg,OK_EXACT,New HRV RS.jpg,
HONDA,New HR-V E,/cars/New HR-V E.jpg,/cars/New HR-V E.jpg,OK_EXACT,New HR-V E.jpg,
HONDA,New HR-V E+,/cars/New HR-V E+.jpg,/cars/New HR-V E+.jpg,OK_EXACT,New HR-V E+.jpg,
HONDA,New HR-V e:HEV,/cars/New HR-V eHEV.jpg,/cars/New HR-V eHEV.jpg,OK_EXACT,New HR-V eHEV.jpg,
HONDA,New HR-V RS e:HEV,/cars/New HR-V RS eHEV.jpg,/cars/New HR-V RS eHEV.jpg,OK_EXACT,New HR-V RS eHEV.jpg,
HONDA,CITY HB RS,/cars/CITY HB RS.jpg,/cars/CITY HB RS.jpg,OK_EXACT,CITY HB RS.jpg,
HONDA,NEW CITY HB RS0HS,/cars/NEW CITY HB RS0HS.jpg,/cars/NEW CITY HB RS0HS.jpg,OK_EXACT,NEW CITY HB RS0HS.jpg,
HONDA,WRV E,/cars/WRV E.jpg,/cars/WRV E.jpg,OK_EXACT,WRV E.jpg,
HONDA,WRV RS,/cars/WRV RS.jpg,/cars/WRV RS.jpg,OK_EXACT,WRV RS.jpg,
HONDA,WRV RS 0 HS,/cars/WRV RS 0 HS.jpg,/cars/WRV RS 0 HS.jpg,OK_EXACT,WRV RS 0 HS.jpg,
HONDA,BRV S,/cars/BRV S.png,/cars/BRV S.png,OK_EXACT,BRV S.png,
HONDA,BRV E,/cars/BRV E.png,/cars/BRV E.png,OK_EXACT,BRV E.png,
HONDA,BRV E Prestige,/cars/BRV E Prestige.png,/cars/BRV E Prestige.png,OK_EXACT,BRV E Prestige.png,
HONDA,BRV Prestige0HS,/cars/BRV Prestige0HS.png,/cars/BRV Prestige0HS.png,OK_EXACT,BRV Prestige0HS.png,
HONDA,BR-V S (Taxi),/cars/BR-V S (Taxi).jpg,/cars/BR-V S (Taxi).jpg,OK_EXACT,BR-V S (Taxi).jpg,
HONDA,All New CRV 2.0 e:HEV,/cars/All New CRV 2.0 eHEV.jpg,/cars/All New CRV 2.0 eHEV.jpg,OK_EXACT,All New CRV 2.0 eHEV.jpg,
HONDA,STEP WGN RS e:HEV,/cars/STEP WGN RS eHEV.jpg,/cars/STEP WGN RS eHEV.jpg,OK_EXACT,STEP WGN RS eHEV.jpg,
HONDA,Brio SATYA S,/cars/Brio SATYA S.jpg,/cars/Brio SATYA S.jpg,OK_EXACT,Brio SATYA S.jpg,
HONDA,Brio SATYA E,/cars/Brio SATYA E.jpg,/cars/Brio SATYA E.jpg,OK_EXACT,Brio SATYA E.jpg,
HYUNDAI (HMID),Palisade 2.2 CRDi AWD,/cars/Palisade 2.2 CRDi AWD.jpg,/cars/Palisade 2.2 CRDi AWD.jpg,OK_EXACT,Palisade 2.2 CRDi AWD.jpg,
HYUNDAI (HMID),All New Palisade Hybrid Calligraphy AWD,/cars/All New Palisade Hybrid Calligraphy AWD.jpg,/cars/All New Palisade Hybrid Calligraphy AWD.jpg,OK_EXACT,All New Palisade Hybrid Calligraphy AWD.jpg,
HYUNDAI (HMID),Genesis GV80 2.5T AWD,/cars/Genesis GV80 2.5T AWD.jpg,/cars/Genesis GV80 2.5T AWD.jpg,OK_EXACT,Genesis GV80 2.5T AWD.jpg,
HYUNDAI (HMID),GV70,/cars/GV70.jpg,/cars/GV70.jpg,OK_EXACT,GV70.jpg,
HYUNDAI 0 HMID,Venue,/cars/Venue.jpg,/cars/Venue.jpg,OK_EXACT,Venue.jpg,
HYUNDAI 0 HMID,Creta Prime 1.5 IVT,/cars/Creta Prime 1.5 IVT.jpg,/cars/Creta Prime 1.5 IVT.jpg,OK_EXACT,Creta Prime 1.5 IVT.jpg,
HYUNDAI 0 HMID,Creta Prime 1.5 IVT Two Tone,/cars/Creta Prime 1.5 IVT Two Tone.jpg,/cars/Creta Prime 1.5 IVT Two Tone.jpg,OK_EXACT,Creta Prime 1.5 IVT Two Tone.jpg,
HYUNDAI 0 HMID,Creta Prime 1.5 IVT Alpha,/cars/Creta Prime 1.5 IVT Alpha.jpg,/cars/Creta Prime 1.5 IVT Alpha.jpg,OK_EXACT,Creta Prime 1.5 IVT Alpha.jpg,
HYUNDAI 0 HMID,Creta FL Active 1.5 MT,,/cars/default.jpg,MISS,,
HYUNDAI 0 HMID,Creta FL Trend 1.5 MT,,/cars/default.jpg,MISS,,
HYUNDAI 0 HMID,Creta FL Trend 1.5 IVT,,/cars/default.jpg,MISS,,
HYUNDAI 0 HMID,Creta FL Style 1.5 IVT,/cars/Creta FL Style 1.5 IVT.jpg,/cars/Creta FL Style 1.5 IVT.jpg,OK_EXACT,Creta FL Style 1.5 IVT.jpg,
HYUNDAI 0 HMID,Creta FL Prime 1.5 IVT,/cars/Creta FL Prime 1.5 IVT.jpg,/cars/Creta FL Prime 1.5 IVT.jpg,OK_EXACT,Creta FL Prime 1.5 IVT.jpg,
HYUNDAI 0 HMID,Creta FL Prime 1.5 IVT Two Tone,/cars/Creta FL Prime 1.5 IVT Two Tone.jpg,/cars/Creta FL Prime 1.5 IVT Two Tone.jpg,OK_EXACT,Creta FL Prime 1.5 IVT Two Tone.jpg,
HYUNDAI 0 HMID,Creta FL N Line 1.5 IVT,/cars/Creta FL N Line 1.5 IVT.webp,/cars/Creta FL N Line 1.5 IVT.webp,OK_EXACT,Creta FL N Line 1.5 IVT.webp,
HYUNDAI 0 HMID,Creta FL N Line 1.5 IVT Two Tone,/cars/Creta FL N Line 1.5 IVT Two Tone.webp,/cars/Creta FL N Line 1.5 IVT Two Tone.webp,OK_EXACT,Creta FL N Line 1.5 IVT Two Tone.webp,
HYUNDAI 0 HMID,Creta FL N Line 1.5T IVT,/cars/Creta FL N Line 1.5T IVT.webp,/cars/Creta FL N Line 1.5T IVT.webp,OK_EXACT,Creta FL N Line 1.5T IVT.webp,
HYUNDAI 0 HMID,Creta FL N Line 1.5T IVT Two Tone,/cars/Creta FL N Line 1.5T IVT Two Tone.webp,/cars/Creta FL N Line 1.5T IVT Two Tone.webp,OK_EXACT,Creta FL N Line 1.5T IVT Two Tone.webp,
HYUNDAI 0 HMID,Stargazer Active MT,/cars/Stargazer Active MT.jpg,/cars/Stargazer Active MT.jpg,OK_EXACT,Stargazer Active MT.jpg,
HYUNDAI 0 HMID,Stargazer Active IVT,/cars/Stargazer Active IVT.jpg,/cars/Stargazer Active IVT.jpg,OK_EXACT,Stargazer Active IVT.jpg,
HYUNDAI 0 HMID,Stargazer Trend IVT 6 Seat,/cars/Stargazer Trend IVT 6 Seat.jpg,/cars/Stargazer Trend IVT 6 Seat.jpg,OK_EXACT,Stargazer Trend IVT 6 Seat.jpg,
HYUNDAI 0 HMID,Stargazer Essential Tech 7 Seat,/cars/Stargazer Essential Tech 7 Seat.jpg,/cars/Stargazer Essential Tech 7 Seat.jpg,OK_EXACT,Stargazer Essential Tech 7 Seat.jpg,
HYUNDAI 0 HMID,Stargazer Essential Tech 6 Seat,/cars/Stargazer Essential Tech 6 Seat.jpg,/cars/Stargazer Essential Tech 6 Seat.jpg,OK_EXACT,Stargazer Essential Tech 6 Seat.jpg,
HYUNDAI 0 HMID,Stargazer Prime 7 Seat,/cars/Stargazer Prime 7 Seat.jpg,/cars/Stargazer Prime 7 Seat.jpg,OK_EXACT,Stargazer Prime 7 Seat.jpg,
HYUNDAI 0 HMID,Stargazer Prime 6 Seat,/cars/Stargazer Prime 6 Seat.jpg,/cars/Stargazer Prime 6 Seat.jpg,OK_EXACT,Stargazer Prime 6 Seat.jpg,
HYUNDAI 0 HMID,Stargazer Prime 7 Seat Two Tone,/cars/Stargazer Prime 7 Seat Two Tone.jpg,/cars/Stargazer Prime 7 Seat Two Tone.jpg,OK_EXACT,Stargazer Prime 7 Seat Two Tone.jpg,
HYUNDAI 0 HMID,Stargazer Prime 6 Seat Two Tone,/cars/Stargazer Prime 6 Seat Two Tone.jpg,/cars/Stargazer Prime 6 Seat Two Tone.jpg,OK_EXACT,Stargazer Prime 6 Seat Two Tone.jpg,
HYUNDAI 0 HMID,Stargazer Essential MT 7 Seat,/cars/Stargazer Essential MT 7 Seat.jpg,/cars/Stargazer Essential MT 7 Seat.jpg,OK_EXACT,Stargazer Essential MT 7 Seat.jpg,
HYUNDAI 0 HMID,Stargazer Essential MT 6 Seat,/cars/Stargazer Essential MT 6 Seat.jpg,/cars/Stargazer Essential MT 6 Seat.jpg,OK_EXACT,Stargazer Essential MT 6 Seat.jpg,
HYUNDAI 0 HMID,Stargazer Essential IVT 7 Seat,/cars/Stargazer Essential IVT 7 Seat.jpg,/cars/Stargazer Essential IVT 7 Seat.jpg,OK_EXACT,Stargazer Essential IVT 7 Seat.jpg,
HYUNDAI 0 HMID,Stargazer Essential IVT 6 Seat,/cars/Stargazer Essential IVT 6 Seat.jpg,/cars/Stargazer Essential IVT 6 Seat.jpg,OK_EXACT,Stargazer Essential IVT 6 Seat.jpg,
HYUNDAI 0 HMID,Stargazer Cartenz Trend MT,/cars/Stargazer Cartenz Trend MT.jpg,/cars/Stargazer Cartenz Trend MT.jpg,OK_EXACT,Stargazer Cartenz Trend MT.jpg,
HYUNDAI 0 HMID,Stargazer Cartenz Trend IVT,/cars/Stargazer Cartenz Trend IVT.jpg,/cars/Stargazer Cartenz Trend IVT.jpg,OK_EXACT,Stargazer Cartenz Trend IVT.jpg,
HYUNDAI 0 HMID,Stargazer Cartenz Style MT 7 Seat,/cars/Stargazer Cartenz Style MT 7 Seat.jpg,/cars/Stargazer Cartenz Style MT 7 Seat.jpg,OK_EXACT,Stargazer Cartenz Style MT 7 Seat.jpg,
HYUNDAI 0 HMID,Stargazer Cartenz Style MT 6 Seat,/cars/Stargazer Cartenz Style MT 6 Seat.jpg,/cars/Stargazer Cartenz Style MT 6 Seat.jpg,OK_EXACT,Stargazer Cartenz Style MT 6 Seat.jpg,
HYUNDAI 0 HMID,Stargazer Cartenz Style IVT 7 Seat,/cars/Stargazer Cartenz Style IVT 7 Seat.jpg,/cars/Stargazer Cartenz Style IVT 7 Seat.jpg,OK_EXACT,Stargazer Cartenz Style IVT 7 Seat.jpg,
HYUNDAI 0 HMID,Stargazer Cartenz Style IVT 6 Seat,/cars/Stargazer Cartenz Style IVT 6 Seat.jpg,/cars/Stargazer Cartenz Style IVT 6 Seat.jpg,OK_EXACT,Stargazer Cartenz Style IVT 6 Seat.jpg,
HYUNDAI 0 HMID,Stargazer Cartenz Smart HSS 7 Seat,/cars/Stargazer Cartenz Smart HSS 7 Seat.jpg,/cars/Stargazer Cartenz Smart HSS 7 Seat.jpg,OK_EXACT,Stargazer Cartenz Smart HSS 7 Seat.jpg,
HYUNDAI 0 HMID,Stargazer Cartenz Smart HSS 6 Seat,/cars/Stargazer Cartenz Smart HSS 6 Seat.jpg,/cars/Stargazer Cartenz Smart HSS 6 Seat.jpg,OK_EXACT,Stargazer Cartenz Smart HSS 6 Seat.jpg,
HYUNDAI 0 HMID,Stargazer X Style 7 Seat,/cars/Stargazer X Style 7 Seat.jpg,/cars/Stargazer X Style 7 Seat.jpg,OK_EXACT,Stargazer X Style 7 Seat.jpg,
HYUNDAI 0 HMID,Stargazer X Style 6 Seat,/cars/Stargazer X Style 6 Seat.jpg,/cars/Stargazer X Style 6 Seat.jpg,OK_EXACT,Stargazer X Style 6 Seat.jpg,
HYUNDAI 0 HMID,Stargazer X Prime 7 Seat,/cars/Stargazer X Prime 7 Seat.jpg,/cars/Stargazer X Prime 7 Seat.jpg,OK_EXACT,Stargazer X Prime 7 Seat.jpg,
HYUNDAI 0 HMID,Stargazer X Prime 6 Seat,/cars/Stargazer X Prime 6 Seat.jpg,/cars/Stargazer X Prime 6 Seat.jpg,OK_EXACT,Stargazer X Prime 6 Seat.jpg,
HYUNDAI 0 HMID,Stargazer X Prime 7 Seat Two Tone,/cars/Stargazer X Prime 7 Seat Two Tone.jpg,/cars/Stargazer X Prime 7 Seat Two Tone.jpg,OK_EXACT,Stargazer X Prime 7 Seat Two Tone.jpg,
HYUNDAI 0 HMID,Stargazer X Prime 6 Seat Two Tone,/cars/Stargazer X Prime 6 Seat Two Tone.jpg,/cars/Stargazer X Prime 6 Seat Two Tone.jpg,OK_EXACT,Stargazer X Prime 6 Seat Two Tone.jpg,
HYUNDAI 0 HMID,Stargazer Cartenz X Style 7 Seat,/cars/Stargazer Cartenz X Style 7 Seat.jpg,/cars/Stargazer Cartenz X Style 7 Seat.jpg,OK_EXACT,Stargazer Cartenz X Style 7 Seat.jpg,
HYUNDAI 0 HMID,Stargazer Cartenz X Style 6 Seat,/cars/Stargazer Cartenz X Style 6 Seat.jpg,/cars/Stargazer Cartenz X Style 6 Seat.jpg,OK_EXACT,Stargazer Cartenz X Style 6 Seat.jpg,
HYUNDAI 0 HMID,Stargazer Cartenz X Prime 7 Seat,/cars/Stargazer Cartenz X Prime 7 Seat.jpg,/cars/Stargazer Cartenz X Prime 7 Seat.jpg,OK_EXACT,Stargazer Cartenz X Prime 7 Seat.jpg,
HYUNDAI 0 HMID,Stargazer Cartenz X Prime 6 Seat,/cars/Stargazer Cartenz X Prime 6 Seat.jpg,/cars/Stargazer Cartenz X Prime 6 Seat.jpg,OK_EXACT,Stargazer Cartenz X Prime 6 Seat.jpg,
HYUNDAI 0 HMID,Stargazer Cartenz Prime HSS 7 Seat,/cars/Stargazer Cartenz Prime HSS 7 Seat.jpg,/cars/Stargazer Cartenz Prime HSS 7 Seat.jpg,OK_EXACT,Stargazer Cartenz Prime HSS 7 Seat.jpg,
HYUNDAI 0 HMID,Stargazer Cartenz Prime HSS 6 Seat,/cars/Stargazer Cartenz Prime HSS 6 Seat.jpg,/cars/Stargazer Cartenz Prime HSS 6 Seat.jpg,OK_EXACT,Stargazer Cartenz Prime HSS 6 Seat.jpg,
HYUNDAI 0 HMID,Ioniq5,/cars/Ioniq5.jpg,/cars/Ioniq5.jpg,OK_EXACT,Ioniq5.jpg,
HYUNDAI 0 HMID,Ioniq5 Prime Reguler,/cars/Ioniq5 Prime Reguler.jpg,/cars/Ioniq5 Prime Reguler.jpg,OK_EXACT,Ioniq5 Prime Reguler.jpg,
HYUNDAI 0 HMID,Ioniq5 Prime Extended,/cars/Ioniq5 Prime Extended.jpg,/cars/Ioniq5 Prime Extended.jpg,OK_EXACT,Ioniq5 Prime Extended.jpg,
HYUNDAI 0 HMID,Ioniq5 Signature Reguler,/cars/Ioniq5 Signature Reguler.jpg,/cars/Ioniq5 Signature Reguler.jpg,OK_EXACT,Ioniq5 Signature Reguler.jpg,
HYUNDAI 0 HMID,Ioniq5 Signature Extended,/cars/Ioniq5 Signature Extended.jpg,/cars/Ioniq5 Signature Extended.jpg,OK_EXACT,Ioniq5 Signature Extended.jpg,
HYUNDAI 0 HMID,Ioniq5 Signature N,/cars/Ioniq5 Signature N.jpg,/cars/Ioniq5 Signature N.jpg,OK_EXACT,Ioniq5 Signature N.jpg,
HYUNDAI 0 HMID,Kona EV,/cars/Kona EV.jpg,/cars/Kona EV.jpg,OK_EXACT,Kona EV.jpg,
HYUNDAI 0 HMID,Kona EV Prime Reguler,/cars/Kona EV Prime Reguler.jpg,/cars/Kona EV Prime Reguler.jpg,OK_EXACT,Kona EV Prime Reguler.jpg,
HYUNDAI 0 HMID,Kona EV Prime Extended,/cars/Kona EV Prime Extended.jpg,/cars/Kona EV Prime Extended.jpg,OK_EXACT,Kona EV Prime Extended.jpg,
HYUNDAI 0 HMID,Kona EV Signature Reguler,/cars/Kona EV Signature Reguler.jpg,/cars/Kona EV Signature Reguler.jpg,OK_EXACT,Kona EV Signature Reguler.jpg,
HYUNDAI 0 HMID,Kona EV Signature Reguler Two Tone,/cars/Kona EV Signature Reguler Two Tone.jpg,/cars/Kona EV Signature Reguler Two Tone.jpg,OK_EXACT,Kona EV Signature Reguler Two Tone.jpg,
HYUNDAI 0 HMID,Kona EV Signature Extended,/cars/Kona EV Signature Extended.jpg,/cars/Kona EV Signature Extended.jpg,OK_EXACT,Kona EV Signature Extended.jpg,
HYUNDAI 0 HMID,Kona EV Signature Extended Two Tone,/cars/Kona EV Signature Extended Two Tone.jpg,/cars/Kona EV Signature Extended Two Tone.jpg,OK_EXACT,Kona EV Signature Extended Two Tone.jpg,
HYUNDAI 0 HMID,Kona EV Style,/cars/Kona EV Style.jpg,/cars/Kona EV Style.jpg,OK_EXACT,Kona EV Style.jpg,
HYUNDAI 0 HMID,Kona EV N Line,/cars/Kona EV N Line.jpg,/cars/Kona EV N Line.jpg,OK_EXACT,Kona EV N Line.jpg,
HYUNDAI 0 HMID,Kona EV N Line Two Tone,/cars/Kona EV N Line Two Tone.jpg,/cars/Kona EV N Line Two Tone.jpg,OK_EXACT,Kona EV N Line Two Tone.jpg,
HYUNDAI 0 HMID,Tucson,/cars/Tucson.jpg,/cars/Tucson.jpg,OK_EXACT,Tucson.jpg,
HYUNDAI 0 HMID,Tucson HEV,/cars/Tucson HEV.jpg,/cars/Tucson HEV.jpg,OK_EXACT,Tucson HEV.jpg,
HYUNDAI 0 HMID,Santa Fe G2.5 6AT Prime,/cars/Santa Fe G2.5 6AT Prime.jpg,/cars/Santa Fe G2.5 6AT Prime.jpg,OK_EXACT,Santa Fe G2.5 6AT Prime.jpg,
HYUNDAI 0 HMID,Santa Fe G2.5 6AT Signature,/cars/Santa Fe G2.5 6AT Signature.jpg,/cars/Santa Fe G2.5 6AT Signature.jpg,OK_EXACT,Santa Fe G2.5 6AT Signature.jpg,
HYUNDAI 0 HMID,Santa Fe G2.5 8AT Prime,/cars/Santa Fe G2.5 8AT Prime.jpg,/cars/Santa Fe G2.5 8AT Prime.jpg,OK_EXACT,Santa Fe G2.5 8AT Prime.jpg,
HYUNDAI 0 HMID,Santa Fe G2.5 8AT Calligraphy,/cars/Santa Fe G2.5 8AT Calligraphy.jpg,/cars/Santa Fe G2.5 8AT Calligraphy.jpg,OK_EXACT,Santa Fe G2.5 8AT Calligraphy.jpg,
HYUNDAI 0 HMID,Santa Fe HEV 1.6T 6AT Prime,/cars/Santa Fe HEV 1.6T 6AT Prime.jpg,/cars/Santa Fe HEV 1.6T 6AT Prime.jpg,OK_EXACT,Santa Fe HEV 1.6T 6AT Prime.jpg,
HYUNDAI 0 HMID,Santa Fe HEV 1.6T 6AT Calligraphy,/cars/Santa Fe HEV 1.6T 6AT Calligraphy.jpg,/cars/Santa Fe HEV 1.6T 6AT Calligraphy.jpg,OK_EXACT,Santa Fe HEV 1.6T 6AT Calligraphy.jpg,
HYUNDAI 0 HMID,Palisade 2.2 CRDi,/cars/Palisade 2.2 CRDi.jpg,/cars/Palisade 2.2 CRDi.jpg,OK_EXACT,Palisade 2.2 CRDi.jpg,
HYUNDAI 0 HMID,Palisade 2.2 CRDi Signature,/cars/Palisade 2.2 CRDi Signature.jpg,/cars/Palisade 2.2 CRDi Signature.jpg,OK_EXACT,Palisade 2.2 CRDi Signature.jpg,
HYUNDAI 0 HMID,All New Palisade Hybrid Calligraphy,/cars/All New Palisade Hybrid Calligraphy.jpg,/cars/All New Palisade Hybrid Calligraphy.jpg,OK_EXACT,All New Palisade Hybrid Calligraphy.jpg,
HYUNDAI 0 HMID,All New Palisade Hybrid Signature,/cars/All New Palisade Hybrid Signature.jpg,/cars/All New Palisade Hybrid Signature.jpg,OK_EXACT,All New Palisade Hybrid Signature.jpg,
HYUNDAI 0 HMID,Staria Signature 7,/cars/Staria Signature 7.jpg,/cars/Staria Signature 7.jpg,OK_EXACT,Staria Signature 7.jpg,
HYUNDAI 0 HMID,Staria Signature 9,/cars/Staria Signature 9.jpg,/cars/Staria Signature 9.jpg,OK_EXACT,Staria Signature 9.jpg,
HYUNDAI HMID,Ioniq 6,/cars/Ioniq 6.jpg,/cars/Ioniq 6.jpg,OK_EXACT,Ioniq 6.jpg,
HYUNDAI HMID,Genesis G80 EV,/cars/Genesis G80 EV.jpg,/cars/Genesis G80 EV.jpg,OK_EXACT,Genesis G80 EV.jpg,
HYUNDAI HMID,Genesis G80,/cars/Genesis G80.jpg,/cars/Genesis G80.jpg,OK_EXACT,Genesis G80.jpg,
ISUZU,MU0X RBD1,/cars/MU0X RBD1.jpg,/cars/MU0X RBD1.jpg,OK_EXACT,MU0X RBD1.jpg,
ISUZU,MU0X RBD3,/cars/MU0X RBD3.jpg,/cars/MU0X RBD3.jpg,OK_EXACT,MU0X RBD3.jpg,
ISUZU,MU0X 4X4,/cars/MU0X 4x4.jpg,/cars/MU0X 4x4.jpg,OK_EXACT,MU0X 4x4.jpg,
ISUZU,PHR 54 C AB,/cars/PHR 54 C AB.jpg,/cars/PHR 54 C AB.jpg,OK_EXACT,PHR 54 C AB.jpg,
ISUZU,PHR 54 C AA,/cars/PHR 54 C AA.jpg,/cars/PHR 54 C AA.jpg,OK_EXACT,PHR 54 C AA.jpg,
JAECOO,J7 SHS 4X2 Turbo,/cars/J7 SHS 4X2 Turbo.jpg,/cars/J7 SHS 4X2 Turbo.jpg,OK_EXACT,J7 SHS 4X2 Turbo.jpg,
JAECOO,J8 SHS ARDIS Turbo,/cars/J8 SHS ARDIS Turbo.jpg,/cars/J8 SHS ARDIS Turbo.jpg,OK_EXACT,J8 SHS ARDIS Turbo.jpg,
JAECOO,J7 AWD Turbo,/cars/J7 AWD Turbo.png,/cars/J7 AWD Turbo.png,OK_EXACT,J7 AWD Turbo.png,
JAECOO,J8 ARDIS Turbo,/cars/J8 ARDIS Turbo.jpg,/cars/J8 ARDIS Turbo.jpg,OK_EXACT,J8 ARDIS Turbo.jpg,
JETOUR,Dashing Journey,/cars/Dashing Journey.png,/cars/Dashing Journey.png,OK_EXACT,Dashing Journey.png,
JETOUR,Dashing Inspira,/cars/Dashing Inspira.png,/cars/Dashing Inspira.png,OK_EXACT,Dashing Inspira.png,
JETOUR,X70P Journey,/cars/X70P Journey.png,/cars/X70P Journey.png,OK_EXACT,X70P Journey.png,
JETOUR,X70P Inspira,/cars/X70P Inspira.png,/cars/X70P Inspira.png,OK_EXACT,X70P Inspira.png,
KIA,New Seltos,/cars/New Seltos.jpg,/cars/New Seltos.jpg,OK_EXACT,New Seltos.jpg,
KIA,Sonet Premiere,/cars/Sonet Premiere.jpg,/cars/Sonet Premiere.jpg,OK_EXACT,Sonet Premiere.jpg,
KIA,Carens,/cars/Carens.jpg,/cars/Carens.jpg,OK_EXACT,Carens.jpg,
KIA,Carnival,/cars/Carnival.jpg,/cars/Carnival.jpg,OK_EXACT,Carnival.jpg,
KIA,Carnival HEV,/cars/Carnival HEV.jpg,/cars/Carnival HEV.jpg,OK_EXACT,Carnival HEV.jpg,
KIA,Grand Sedona,/cars/Grand Sedona.jpg,/cars/Grand Sedona.jpg,OK_EXACT,Grand Sedona.jpg,
KIA,EV6,/cars/EV6.jpg,/cars/EV6.jpg,OK_EXACT,EV6.jpg,
KIA,EV9,/cars/EV9.jpg,/cars/EV9.jpg,OK_EXACT,EV9.jpg,
LEXUS,ES 300 h,/cars/ES300H.jpg,/cars/ES300H.jpg,OK_EXACT,ES300H.jpg,
LEXUS,LS 500 Hybrid,/cars/LS 500 Hybrid.jpg,/cars/LS 500 Hybrid.jpg,OK_EXACT,LS 500 Hybrid.jpg,
LEXUS,LC 500h,/cars/LC500H.jpg,/cars/LC500H.jpg,OK_EXACT,LC500H.jpg,
LEXUS,LBX Luxury 1.5 Cvt Hev,/cars/LBX Luxury 1.5 Cvt Hev.png,/cars/LBX Luxury 1.5 Cvt Hev.png,OK_EXACT,LBX Luxury 1.5 Cvt Hev.png,
LEXUS,"LBX Sport 1,5 Cvt HEV",,/cars/default.jpg,MISS,,
LEXUS,NX 350h,/cars/NX 350h.jpg,/cars/NX 350h.jpg,OK_EXACT,NX 350h.jpg,
LEXUS,NX 450h+,/cars/NX 450h+.jpg,/cars/NX 450h+.jpg,OK_EXACT,NX 450h+.jpg,
LEXUS,UX 300h,/cars/UX 300h.jpg,/cars/UX 300h.jpg,OK_EXACT,UX 300h.jpg,
LEXUS,RX 350h Luxury HEV,/cars/RX 350h Luxury HEV.jpg,/cars/RX 350h Luxury HEV.jpg,OK_EXACT,RX 350h Luxury HEV.jpg,
LEXUS,RX 350h,/cars/RX 350H.jpg,/cars/RX 350H.jpg,OK_EXACT,RX 350H.jpg,
LEXUS,LM 350h 4 Seater,/cars/LM 350h 4 Seater.jpg,/cars/LM 350h 4 Seater.jpg,OK_EXACT,LM 350h 4 Seater.jpg,
LEXUS,LM 350h 7 Seater,/cars/LM 350h 7 Seater.jpg,/cars/LM 350h 7 Seater.jpg,OK_EXACT,LM 350h 7 Seater.jpg,
LEXUS,RX 450h+ Luxury PHEV,/cars/RX 450h+ Luxury PHEV.jpg,/cars/RX 450h+ Luxury PHEV.jpg,OK_EXACT,RX 450h+ Luxury PHEV.jpg,
LEXUS,RX 500h,/cars/RX 500h.jpg,/cars/RX 500h.jpg,OK_EXACT,RX 500h.jpg,
LEXUS,LM 500h 4 Seater,/cars/LM 500h 4 Seater.jpg,/cars/LM 500h 4 Seater.jpg,OK_EXACT,LM 500h 4 Seater.jpg,
LEXUS,LM 500h 6 Seater,/cars/LM 500h 6 Seater.jpg,/cars/LM 500h 6 Seater.jpg,OK_EXACT,LM 500h 6 Seater.jpg,
LEXUS,LX 600,/cars/LX 600.jpg,/cars/LX 600.jpg,OK_EXACT,LX 600.jpg,
LEXUS,LX 700H,/cars/LX 700h.jpg,/cars/LX 700h.jpg,OK_EXACT,LX 700h.jpg,
MAXUS,MIFA 7,/cars/Mifa 7.jpg,/cars/Mifa 7.jpg,OK_EXACT,Mifa 7.jpg,
MAXUS,MIFA 9,/cars/Mifa 9.jpg,/cars/Mifa 9.jpg,OK_EXACT,Mifa 9.jpg,
MAZDA,Mazda 2 Sedan,/cars/Mazda 2 Sedan.jpg,/cars/Mazda 2 Sedan.jpg,OK_EXACT,Mazda 2 Sedan.jpg,
MAZDA,MX 5 RF AT,,/cars/default.jpg,MISS,,
MAZDA,New MX 5 RF MT,/cars/NEW MX 5 RF MT.jpg,/cars/NEW MX 5 RF MT.jpg,OK_EXACT,NEW MX 5 RF MT.jpg,
MAZDA,Mazda 3 Sedan,/cars/Mazda 3 Sedan.jpg,/cars/Mazda 3 Sedan.jpg,OK_EXACT,Mazda 3 Sedan.jpg,
MAZDA,Mazda 6 Elite Sedan,/cars/Mazda 6 Elite Sedan.jpg,/cars/Mazda 6 Elite Sedan.jpg,OK_EXACT,Mazda 6 Elite Sedan.jpg,
MAZDA,Mazda 2 GT AT,/cars/Mazda 2 GT AT.jpg,/cars/Mazda 2 GT AT.jpg,OK_EXACT,Mazda 2 GT AT.jpg,
MAZDA,CX03 Kuro,/cars/CX03 Kuro.jpg,/cars/CX03 Kuro.jpg,OK_EXACT,CX03 Kuro.jpg,
MAZDA,CX03 Touring,/cars/CX03 Touring.jpg,/cars/CX03 Touring.jpg,OK_EXACT,CX03 Touring.jpg,
MAZDA,MX03 BEV,/cars/MX03 BEV.jpg,/cars/MX03 BEV.jpg,OK_EXACT,MX03 BEV.jpg,
MAZDA,CX03 Pro,/cars/CX03 Pro.jpg,/cars/CX03 Pro.jpg,OK_EXACT,CX03 Pro.jpg,
MAZDA,CX03 Sport,/cars/CX03 Sport.jpg,/cars/CX03 Sport.jpg,OK_EXACT,CX03 Sport.jpg,
MAZDA,CX03 Pro AutoExe,/cars/CX03 Pro AutoExe.jpg,/cars/CX03 Pro AutoExe.jpg,OK_EXACT,CX03 Pro AutoExe.jpg,
MAZDA,CX05 Elite,/cars/CX05 Elite.jpg,/cars/CX05 Elite.jpg,OK_EXACT,CX05 Elite.jpg,
MAZDA,CX060 2.5 Sport,/cars/CX060 2.5 Sport.jpg,/cars/CX060 2.5 Sport.jpg,OK_EXACT,CX060 2.5 Sport.jpg,
MAZDA,CX03 GT,/cars/CX03 GT.jpg,/cars/CX03 GT.jpg,OK_EXACT,CX03 GT.jpg,
MAZDA,New CX08 Elite,/cars/New CX08 Elite.jpg,/cars/New CX08 Elite.jpg,OK_EXACT,New CX08 Elite.jpg,
MAZDA,New CX09,/cars/New CX09.jpg,/cars/New CX09.jpg,OK_EXACT,New CX09.jpg,
MAZDA,Mazda 3 Hatchback,/cars/Mazda 3 Hatchback.png,/cars/Mazda 3 Hatchback.png,OK_EXACT,Mazda 3 Hatchback.png,
MAZDA,Mazda 6 Elite Estate,/cars/Mazda 6 Elite Estate.jpg,/cars/Mazda 6 Elite Estate.jpg,OK_EXACT,Mazda 6 Elite Estate.jpg,
MAZDA,New CX09 AWD,/cars/New CX09 AWD.jpg,/cars/New CX09 AWD.jpg,OK_EXACT,New CX09 AWD.jpg,
MAZDA,CX05 Kuro,/cars/CX05 Kuro.jpg,/cars/CX05 Kuro.jpg,OK_EXACT,CX05 Kuro.jpg,
MAZDA,CX05 AWD,/cars/CX05 AWD.jpg,/cars/CX05 AWD.jpg,OK_EXACT,CX05 AWD.jpg,
MAZDA,CX060 2.5 Pro,/cars/CX060 2.5 pro.jpg,/cars/CX060 2.5 pro.jpg,OK_EXACT,CX060 2.5 pro.jpg,
MAZDA,CX08 2.5 PHEV AWD ELITE,/cars/CX08 2.5 PHEV AWD ELITE.jpg,/cars/CX08 2.5 PHEV AWD ELITE.jpg,OK_EXACT,CX08 2.5 PHEV AWD ELITE.jpg,
MAZDA,CX08 2.5 PHEV AWD KURO,/cars/CX08 2.5 PHEV AWD KURO.jpg,/cars/CX08 2.5 PHEV AWD KURO.jpg,OK_EXACT,CX08 2.5 PHEV AWD KURO.jpg,
MAZDA,CX060 3.3 MHEV AWD Elite,/cars/CX060 3.3 MHEV AWD Elite.jpg,/cars/CX060 3.3 MHEV AWD Elite.jpg,OK_EXACT,CX060 3.3 MHEV AWD Elite.jpg,
MAZDA,CX060 3.3 MHEV AWD Kuro,/cars/CX060 3.3 MHEV AWD Kuro.jpg,/cars/CX060 3.3 MHEV AWD Kuro.jpg,OK_EXACT,CX060 3.3 MHEV AWD Kuro.jpg,
MERCEDES BENZ,AMG G 63,/cars/AMG G 63.jpg,/cars/AMG G 63.jpg,OK_EXACT,AMG G 63.jpg,
MERCEDES BENZ PC,A 200 Sedan (V177),,/cars/default.jpg,MISS,,
MERCEDES BENZ PC,CLA 200 AMG Line (C118),/cars/CLA 200 AMG Line (C118).jpg,/cars/CLA 200 AMG Line (C118).jpg,OK_EXACT,CLA 200 AMG Line (C118).jpg,
MERCEDES BENZ PC,AMG CLA 45 S (C118),,/cars/default.jpg,MISS,,
MERCEDES BENZ PC,C 200 AVA Line (W206),/cars/C 200 AVA Line (W206).jpg,/cars/C 200 AVA Line (W206).jpg,OK_EXACT,C 200 AVA Line (W206).jpg,
MERCEDES0BENZ PC,AMG A 35 4MATIC (V177),/cars/AMG A 35 4MATIC (V177).jpg,/cars/AMG A 35 4MATIC (V177).jpg,OK_EXACT,AMG A 35 4MATIC (V177).jpg,
MERCEDES0BENZ PC,A 200,/cars/A 200.jpg,/cars/A 200.jpg,OK_EXACT,A 200.jpg,
MERCEDES0BENZ PC,E 300 AMG,/cars/E 300 AMG.jpg,/cars/E 300 AMG.jpg,OK_EXACT,E 300 AMG.jpg,
MERCEDES0BENZ PC,E 300 AVA,/cars/E 300 AVA.jpg,/cars/E 300 AVA.jpg,OK_EXACT,E 300 AVA.jpg,
MERCEDES0BENZ PC,S 450,/cars/S 450.jpg,/cars/S 450.jpg,OK_EXACT,S 450.jpg,
MERCEDES0BENZ PC,EQE 350 (V295),/cars/EQE 350 (V295).jpg,/cars/EQE 350 (V295).jpg,OK_EXACT,EQE 350 (V295).jpg,
MERCEDES0BENZ PC,EQS 450+ (V297),,/cars/default.jpg,MISS,,
MERCEDES0BENZ PC,C 300 AMG Line (W206),/cars/C 300 AMG Line (W206).jpg,/cars/C 300 AMG Line (W206).jpg,OK_EXACT,C 300 AMG Line (W206).jpg,
MERCEDES0BENZ PC,AMG CLA 45 S Shooting Brake (X118),/cars/AMG CLA 45 S Shooting Brake (X118).jpg,/cars/AMG CLA 45 S Shooting Brake (X118).jpg,OK_EXACT,AMG CLA 45 S Shooting Brake (X118).jpg,
MERCEDES0BENZ PC,AMG C 63 S E Performance (W206),/cars/AMG C 63 S E Performance (W206).jpg,/cars/AMG C 63 S E Performance (W206).jpg,OK_EXACT,AMG C 63 S E Performance (W206).jpg,
MERCEDES0BENZ PC,E 200 (W214) CKD,/cars/E 200 (W214) CKD.jpg,/cars/E 200 (W214) CKD.jpg,OK_EXACT,E 200 (W214) CKD.jpg,
MERCEDES0BENZ PC,E 300 (W214) CKD,/cars/E 300 (W214) CKD.jpg,/cars/E 300 (W214) CKD.jpg,OK_EXACT,E 300 (W214) CKD.jpg,
MERCEDES0BENZ PC,AMG SL 43,/cars/AMG SL 43.jpg,/cars/AMG SL 43.jpg,OK_EXACT,AMG SL 43.jpg,
MERCEDES0BENZ PC,CLE 300,/cars/CLE 300.jpg,/cars/CLE 300.jpg,OK_EXACT,CLE 300.jpg,
MERCEDES0BENZ PC,Maybach S 580 (Z223)*,/cars/Maybach S 580 (Z223).jpg,/cars/Maybach S 580 (Z223).jpg,OK_EXACT,Maybach S 580 (Z223).jpg,
MERCEDES0BENZ PC,EQB 250,/cars/EQB 250.jpg,/cars/EQB 250.jpg,OK_EXACT,EQB 250.jpg,
MERCEDES0BENZ PC,GLA 200 Progressive Line ( H247),/cars/GLA 200 Progressive Line ( H247).jpg,/cars/GLA 200 Progressive Line ( H247).jpg,OK_EXACT,GLA 200 Progressive Line ( H247).jpg,
MERCEDES0BENZ PC,GLB 200 Progressive Line ( X247),/cars/GLB 200 Progressive Line ( X247).jpg,/cars/GLB 200 Progressive Line ( X247).jpg,OK_EXACT,GLB 200 Progressive Line ( X247).jpg,
MERCEDES0BENZ PC,AMG A 45 4MATIC (W177)*,/cars/AMG A 45 4MATIC (W177).jpg,/cars/AMG A 45 4MATIC (W177).jpg,OK_EXACT,AMG A 45 4MATIC (W177).jpg,
MERCEDES0BENZ PC,M0AMG GLA 35,/cars/M0AMG GLA 35.jpg,/cars/M0AMG GLA 35.jpg,OK_EXACT,M0AMG GLA 35.jpg,
MERCEDES0BENZ PC,GLA 200,/cars/GLA 200.jpg,/cars/GLA 200.jpg,OK_EXACT,GLA 200.jpg,
MERCEDES0BENZ PC,Seprinter,/cars/Seprinter.jpg,/cars/Seprinter.jpg,OK_EXACT,Seprinter.jpg,
MERCEDES0BENZ PC,V Klass,/cars/V Klass.jpg,/cars/V Klass.jpg,OK_EXACT,V Klass.jpg,
MERCEDES0BENZ PC,GLE 450 (V167),/cars/GLE 450 (V167).jpg,/cars/GLE 450 (V167).jpg,OK_EXACT,GLE 450 (V167).jpg,
MERCEDES0BENZ PC,GLS 450 (X167),/cars/GLS 450 (X167).jpg,/cars/GLS 450 (X167).jpg,OK_EXACT,GLS 450 (X167).jpg,
MERCEDES0BENZ PC,GLS 600 Maybach (X167),/cars/GLS 600 Maybach (X167).jpg,/cars/GLS 600 Maybach (X167).jpg,OK_EXACT,GLS 600 Maybach (X167).jpg,
MERCEDES0BENZ PC,GLC 300 AMG Line ( X254),/cars/GLC 300 AMG Line ( X254).jpg,/cars/GLC 300 AMG Line ( X254).jpg,OK_EXACT,GLC 300 AMG Line ( X254).jpg,
MERCEDES0BENZ PC,AMG GLS 63 (X167),/cars/AMG GLS 63 (X167).jpg,/cars/AMG GLS 63 (X167).jpg,OK_EXACT,AMG GLS 63 (X167).jpg,
MERCEDES0BENZ PC,GLC 300 Coupe,/cars/GLC 300 Coupe.jpg,/cars/GLC 300 Coupe.jpg,OK_EXACT,GLC 300 Coupe.jpg,
MERCEDES0BENZ PC,G 580 With EQ Technology,/cars/G 580 With EQ Technology.jpg,/cars/G 580 With EQ Technology.jpg,OK_EXACT,G 580 With EQ Technology.jpg,
MERCEDES0BENZ PC,EQS SUV 450 ( X 296),/cars/EQS SUV 450 ( X 296).jpg,/cars/EQS SUV 450 ( X 296).jpg,OK_EXACT,EQS SUV 450 ( X 296).jpg,
MERCEDES0BENZ PC,EQE 350 4M (X294),/cars/EQE 350 4M (X294).jpg,/cars/EQE 350 4M (X294).jpg,OK_EXACT,EQE 350 4M (X294).jpg,
MERCEDES0BENZ PC,AMG GLC 43 4M Coupe (C254)*,/cars/AMG GLC 43 4M Coupe (C254).jpg,/cars/AMG GLC 43 4M Coupe (C254).jpg,OK_EXACT,AMG GLC 43 4M Coupe (C254).jpg,
MINI,Cooper 5 Door A/T,/cars/Cooper 5 Door AT.jpg,/cars/Cooper 5 Door AT.jpg,OK_EXACT,Cooper 5 Door AT.jpg,
MINI,Cooper Countryman F60 CKD A/T,/cars/Cooper Countryman F60 CKD AT.jpg,/cars/Cooper Countryman F60 CKD AT.jpg,OK_EXACT,Cooper Countryman F60 CKD AT.jpg,
MINI,Cooper SE Hatch A/T,/cars/Cooper SE Hatch AT.jpg,/cars/Cooper SE Hatch AT.jpg,OK_EXACT,Cooper SE Hatch AT.jpg,
MINI,Cooper SE A/T,/cars/Cooper SE AT.jpg,/cars/Cooper SE AT.jpg,OK_EXACT,Cooper SE AT.jpg,
MINI,Cbu Aceman Se At 82Gc,/cars/Cbu Aceman Se At 82Gc.jpg,/cars/Cbu Aceman Se At 82Gc.jpg,OK_EXACT,Cbu Aceman Se At 82Gc.jpg,
MINI,Cooper S Hatch A/T,/cars/Cooper S Hatch AT.jpg,/cars/Cooper S Hatch AT.jpg,OK_EXACT,Cooper S Hatch AT.jpg,
MINI,John Cooper Works Hatch A/T,/cars/John Cooper Works Hatch AT.jpg,/cars/John Cooper Works Hatch AT.jpg,OK_EXACT,John Cooper Works Hatch AT.jpg,
MINI,Cooper S 5 Door A/T,/cars/Cooper S 5 Door AT.jpg,/cars/Cooper S 5 Door AT.jpg,OK_EXACT,Cooper S 5 Door AT.jpg,
MINI,Cooper S Countryman F60 CKD A/T,/cars/Cooper S Countryman F60 CKD AT.jpg,/cars/Cooper S Countryman F60 CKD AT.jpg,OK_EXACT,Cooper S Countryman F60 CKD AT.jpg,
MINI,Countryman C A/T,/cars/Countryman C AT.jpg,/cars/Countryman C AT.jpg,OK_EXACT,Countryman C AT.jpg,
MINI,Cooper S RHD A/T,/cars/Cooper S RHD AT.jpg,/cars/Cooper S RHD AT.jpg,OK_EXACT,Cooper S RHD AT.jpg,
MINI,Cbu Cooper S Cabrio,/cars/Cbu Cooper S Cabrio.jpg,/cars/Cbu Cooper S Cabrio.jpg,OK_EXACT,Cbu Cooper S Cabrio.jpg,
MINI,Cbu Jcw Cabrio At 32Gx S,/cars/Cbu Jcw Cabrio At 32Gx S.jpg,/cars/Cbu Jcw Cabrio At 32Gx S.jpg,OK_EXACT,Cbu Jcw Cabrio At 32Gx S.jpg,
MINI,Jcw Aceman E At,/cars/Jcw Aceman E At.jpg,/cars/Jcw Aceman E At.jpg,OK_EXACT,Jcw Aceman E At.jpg,
MINI,Jcw E At,/cars/Jcw E At.jpg,/cars/Jcw E At.jpg,OK_EXACT,Jcw E At.jpg,
MINI,Jcw At,/cars/Jcw At.jpg,/cars/Jcw At.jpg,OK_EXACT,Jcw At.jpg,
MINI,Countryman S ALL4 A/T,,/cars/default.jpg,MISS,,
MINI,JCW Countryman ALL4,/cars/JCW Countryman ALL4.jpg,/cars/JCW Countryman ALL4.jpg,OK_EXACT,JCW Countryman ALL4.jpg,
MINI,Countryman SE ALL4,/cars/Countryman SE ALL4.jpg,/cars/Countryman SE ALL4.jpg,OK_EXACT,Countryman SE ALL4.jpg,
MINI,Countryman S All4 A7 At,,/cars/default.jpg,MISS,,
MITSUBISHI MOTORS,Xpander 1.5L ULTIMATE (4X2) CVT,/cars/Xpander 1.5L ULTIMATE (4X2) CVT.jpg,/cars/Xpander 1.5L ULTIMATE (4X2) CVT.jpg,OK_EXACT,Xpander 1.5L ULTIMATE (4X2) CVT.jpg,
MITSUBISHI MOTORS,Xpander 1.5L ULTIMATE0L (4X2) MT,/cars/Xpander 1.5L ULTIMATE0L (4X2) MT.jpg,/cars/Xpander 1.5L ULTIMATE0L (4X2) MT.jpg,OK_EXACT,Xpander 1.5L ULTIMATE0L (4X2) MT.jpg,
MITSUBISHI MOTORS,Xpander 1.5L EXCEED (4X2) CVT,/cars/Xpander 1.5L EXCEED (4X2) CVT.jpg,/cars/Xpander 1.5L EXCEED (4X2) CVT.jpg,OK_EXACT,Xpander 1.5L EXCEED (4X2) CVT.jpg,
MITSUBISHI MOTORS,Xpander 1.5L EXCEED (4X2) M/T,/cars/Xpander 1.5L EXCEED (4X2) MT.jpg,/cars/Xpander 1.5L EXCEED (4X2) MT.jpg,OK_EXACT,Xpander 1.5L EXCEED (4X2) MT.jpg,
MITSUBISHI MOTORS,Xpander 1.5L GLS (4X2) CVT,/cars/Xpander 1.5L GLS (4X2) CVT.jpg,/cars/Xpander 1.5L GLS (4X2) CVT.jpg,OK_EXACT,Xpander 1.5L GLS (4X2) CVT.jpg,
MITSUBISHI MOTORS,Xpander 1.5L GLS (4X2) M/T,/cars/Xpander 1.5L GLS (4X2) MT.jpg,/cars/Xpander 1.5L GLS (4X2) MT.jpg,OK_EXACT,Xpander 1.5L GLS (4X2) MT.jpg,
MITSUBISHI MOTORS,Xpander Cross 1.5L PREMIUM (4X2) CVT,/cars/Xpander Cross 1.5L PREMIUM (4X2) CVT.jpg,/cars/Xpander Cross 1.5L PREMIUM (4X2) CVT.jpg,OK_EXACT,Xpander Cross 1.5L PREMIUM (4X2) CVT.jpg,
MITSUBISHI MOTORS,Xpander Cross 1.5L (4X2) CVT,/cars/Xpander Cross 1.5L (4X2) CVT.jpg,/cars/Xpander Cross 1.5L (4X2) CVT.jpg,OK_EXACT,Xpander Cross 1.5L (4X2) CVT.jpg,
MITSUBISHI MOTORS,Xpander Cross 1.5L (4X2) M/T,/cars/Xpander Cross 1.5L (4X2) MT.jpg,/cars/Xpander Cross 1.5L (4X2) MT.jpg,OK_EXACT,Xpander Cross 1.5L (4X2) MT.jpg,
MITSUBISHI MOTORS,Destinator 1.5L Ultimate Premium (4X2) A/T,/cars/Destinator 1.5L Ultimate Premium (4X2) AT.png,/cars/Destinator 1.5L Ultimate Premium (4X2) AT.png,OK_EXACT,Destinator 1.5L Ultimate Premium (4X2) AT.png,
MITSUBISHI MOTORS,Destinator 1.5L Ultimate (4X2) A/T,/cars/Destinator 1.5L Ultimate (4X2) AT.png,/cars/Destinator 1.5L Ultimate (4X2) AT.png,OK_EXACT,Destinator 1.5L Ultimate (4X2) AT.png,
MITSUBISHI MOTORS,Destinator 1.5L Gls (4X2) A/T,/cars/Destinator 1.5L Gls (4X2) AT.png,/cars/Destinator 1.5L Gls (4X2) AT.png,OK_EXACT,Destinator 1.5L Gls (4X2) AT.png,
MITSUBISHI MOTORS,Destinator 1.5L Exceed (4X2) A/T,,/cars/default.jpg,MISS,,
MITSUBISHI MOTORS,Xforce Ultimate DS,/cars/Xforce Ultimate DS.jpg,/cars/Xforce Ultimate DS.jpg,OK_EXACT,Xforce Ultimate DS.jpg,
MITSUBISHI MOTORS,Xforce Ultimate 1.5L 4X2 A/T,,/cars/default.jpg,MISS,,
MITSUBISHI MOTORS,Xforce Exceed 1.5L 4X2 A/T,,/cars/default.jpg,MISS,,
MITSUBISHI MOTORS,L100 EV,/cars/L100 EV.jpg,/cars/L100 EV.jpg,OK_EXACT,L100 EV.jpg,
MITSUBISHI MOTORS,Pajero Sport 2.4L DAKAR (4x2) 8AT,/cars/Pajero Sport 2.4L DAKAR (4x2) 8AT.jpg,/cars/Pajero Sport 2.4L DAKAR (4x2) 8AT.jpg,OK_EXACT,Pajero Sport 2.4L DAKAR (4x2) 8AT.jpg,
MITSUBISHI MOTORS,Pajero Sport 2.4L DAKAR Utimate (4x2) 8AT,,/cars/default.jpg,MISS,,
MITSUBISHI MOTORS,Pajero Sport 2.5 L EXCEED (4X2) 5AT,/cars/Pajero Sport 2.5 L EXCEED (4X2) 5AT.jpg,/cars/Pajero Sport 2.5 L EXCEED (4X2) 5AT.jpg,OK_EXACT,Pajero Sport 2.5 L EXCEED (4X2) 5AT.jpg,
MITSUBISHI MOTORS,Pajero Sport 2.5L EXCEED-H (4x2) 5MT,/cars/Pajero Sport 2.5L EXCEED-H (4x2) 5MT.jpg,/cars/Pajero Sport 2.5L EXCEED-H (4x2) 5MT.jpg,OK_EXACT,Pajero Sport 2.5L EXCEED-H (4x2) 5MT.jpg,
MITSUBISHI MOTORS,Pajero Sport 2.4L DAKAR ULTIMATE0L 4X4 8A/T,/cars/Pajero Sport 2.4L DAKAR ULTIMATE0L 4X4 8AT.jpg,/cars/Pajero Sport 2.4L DAKAR ULTIMATE0L 4X4 8AT.jpg,OK_EXACT,Pajero Sport 2.4L DAKAR ULTIMATE0L 4X4 8AT.jpg,
MITSUBISHI MOTORS,Pajero Sport 2.5L GLX (4x4) 5MT,/cars/Pajero Sport 2.5L GLX (4x4) 5MT.jpg,/cars/Pajero Sport 2.5L GLX (4x4) 5MT.jpg,OK_EXACT,Pajero Sport 2.5L GLX (4x4) 5MT.jpg,
MITSUBISHI MOTORS,L300 D P/U FLD,,/cars/default.jpg,MISS,,
MITSUBISHI MOTORS,L300 CC,/cars/L300 CC.jpg,/cars/L300 CC.jpg,OK_EXACT,L300 CC.jpg,
MITSUBISHI MOTORS,Triton 2.5L SC HDX (4X4) MT,/cars/Triton 2.5L SC HDX (4X4) MT.jpeg,/cars/Triton 2.5L SC HDX (4X4) MT.jpeg,OK_EXACT,Triton 2.5L SC HDX (4X4) MT.jpeg,
MITSUBISHI MOTORS,Triton 2.5L SC GLX (4X2) MT,/cars/Triton 2.5L SC GLX (4X2) MT.jpeg,/cars/Triton 2.5L SC GLX (4X2) MT.jpeg,OK_EXACT,Triton 2.5L SC GLX (4X2) MT.jpeg,
MITSUBISHI MOTORS,Triton 2.5L DC EXCEED (4X4) MT,/cars/Triton 2.5L DC EXCEED (4X4) MT.jpeg,/cars/Triton 2.5L DC EXCEED (4X4) MT.jpeg,OK_EXACT,Triton 2.5L DC EXCEED (4X4) MT.jpeg,
MITSUBISHI MOTORS,Triton SU 2.5L HP0E D CAB Ultimate (4X4) A/T,/cars/Triton SU 2.5L HP0E D CAB Ultimate (4X4) AT.jpeg,/cars/Triton SU 2.5L HP0E D CAB Ultimate (4X4) AT.jpeg,OK_EXACT,Triton SU 2.5L HP0E D CAB Ultimate (4X4) AT.jpeg,
MITSUBISHI MOTORS,Triton 2.5L DC GLS (4X4) MT,/cars/Triton 2.5L DC GLS (4X4) MT.jpg,/cars/Triton 2.5L DC GLS (4X4) MT.jpg,OK_EXACT,Triton 2.5L DC GLS (4X4) MT.jpg,
MITSUBISHI MOTORS,Triton 2.5L DC HDX (4X4) MT,/cars/Triton 2.5L DC HDX (4X4) MT.jpg,/cars/Triton 2.5L DC HDX (4X4) MT.jpg,OK_EXACT,Triton 2.5L DC HDX (4X4) MT.jpg,
MORRIS GARAGE,5 GT Activate 1.5L,/cars/5 GT Activate 1.5L.jpg,/cars/5 GT Activate 1.5L.jpg,OK_EXACT,5 GT Activate 1.5L.jpg,
MORRIS GARAGE,5 GT Ignite 1.5L,/cars/5 GT Ignite 1.5L.jpg,/cars/5 GT Ignite 1.5L.jpg,OK_EXACT,5 GT Ignite 1.5L.jpg,
MORRIS GARAGE,5 GT Magnify 1.5L,/cars/5 GT Magnify 1.5L.jpg,/cars/5 GT Magnify 1.5L.jpg,OK_EXACT,5 GT Magnify 1.5L.jpg,
MORRIS GARAGE,Cyberster,/cars/Cyberster.jpg,/cars/Cyberster.jpg,OK_EXACT,Cyberster.jpg,
MORRIS GARAGE,ZS Ignite 1.5L CVT,/cars/ZS Ignite 1.5L CVT.jpg,/cars/ZS Ignite 1.5L CVT.jpg,OK_EXACT,ZS Ignite 1.5L CVT.jpg,
MORRIS GARAGE,ZS Magnify 1.5L CVT,/cars/ZS Magnify 1.5L CVT.jpg,/cars/ZS Magnify 1.5L CVT.jpg,OK_EXACT,ZS Magnify 1.5L CVT.jpg,
MORRIS GARAGE,New HS i0Smart Magnify,/cars/New HS i0Smart Magnify.jpg,/cars/New HS i0Smart Magnify.jpg,OK_EXACT,New HS i0Smart Magnify.jpg,
MORRIS GARAGE,4 EV Magnify CKD,/cars/4 EV Magnify CKD.jpg,/cars/4 EV Magnify CKD.jpg,OK_EXACT,4 EV Magnify CKD.jpg,
MORRIS GARAGE,4 EV Magnify Max CKD,/cars/4 EV Magnify Max CKD.jpg,/cars/4 EV Magnify Max CKD.jpg,OK_EXACT,4 EV Magnify Max CKD.jpg,
MORRIS GARAGE,ZS EV Magnify,/cars/ZS EV Magnify.jpg,/cars/ZS EV Magnify.jpg,OK_EXACT,ZS EV Magnify.jpg,
MORRIS GARAGE,4 EV Ignite CKD,/cars/4 EV Ignite CKD.jpg,/cars/4 EV Ignite CKD.jpg,OK_EXACT,4 EV Ignite CKD.jpg,
MORRIS GARAGE,ZS EV Ignite,/cars/ZS EV Ignite.jpg,/cars/ZS EV Ignite.jpg,OK_EXACT,ZS EV Ignite.jpg,
MORRIS GARAGE,VS HEV Magnify,/cars/VS HEV Magnify.jpg,/cars/VS HEV Magnify.jpg,OK_EXACT,VS HEV Magnify.jpg,
NETA,NETA V II EV,/cars/NETA V II EV.png,/cars/NETA V II EV.png,OK_EXACT,NETA V II EV.png,
NETA,NETA X EV 500 SUPREME,/cars/NETA X EV 500 SUPREME.jpg,/cars/NETA X EV 500 SUPREME.jpg,OK_EXACT,NETA X EV 500 SUPREME.jpg,
NISSAN,Livina VL,/cars/Livina VL.jpg,/cars/Livina VL.jpg,OK_EXACT,Livina VL.jpg,
NISSAN,All New Serena Highway Star e0Power,/cars/All New Serena Highway Star e0Power.jpg,/cars/All New Serena Highway Star e0Power.jpg,OK_EXACT,All New Serena Highway Star e0Power.jpg,
NISSAN,KICKS E0POWER,/cars/KICKS E0POWER.jpeg,/cars/KICKS E0POWER.jpeg,OK_EXACT,KICKS E0POWER.jpeg,
NISSAN,Leaf,/cars/Leaf.jpg,/cars/Leaf.jpg,OK_EXACT,Leaf.jpg,
NISSAN,Magnite Premium Turbo CVT,/cars/Magnite Premium Turbo CVT.jpg,/cars/Magnite Premium Turbo CVT.jpg,OK_EXACT,Magnite Premium Turbo CVT.jpg,
NISSAN,Magnite Premium Turbo MT,/cars/Magnite Premium Turbo MT.jpg,/cars/Magnite Premium Turbo MT.jpg,OK_EXACT,Magnite Premium Turbo MT.jpg,
NISSAN,Magnite Premium Upper Turbo CVT,/cars/Magnite Premium Upper Turbo CVT.jpg,/cars/Magnite Premium Upper Turbo CVT.jpg,OK_EXACT,Magnite Premium Upper Turbo CVT.jpg,
NISSAN,Terra VL 2.5 AT 4x4,,/cars/default.jpg,MISS,,
POLYTRON,Polytron G3+,/cars/Polytron G3+.jpg,/cars/Polytron G3+.jpg,OK_EXACT,Polytron G3+.jpg,
POLYTRON,Polytron G3,/cars/Polytron G3.jpg,/cars/Polytron G3.jpg,OK_EXACT,Polytron G3.jpg,
SERES,E502 EV (4X2) A/T,/cars/E502 EV (4X2) AT.jpg,/cars/E502 EV (4X2) AT.jpg,OK_EXACT,E502 EV (4X2) AT.jpg,
SUBARU,BRZ 2.4 MT (ZD8),,/cars/default.jpg,MISS,,
SUBARU,BRZ 2.4 AT ES (ZD8),,/cars/default.jpg,MISS,,
SUBARU,WRX SEDAN 2.4 MT (VBH),,/cars/default.jpg,MISS,,
SUBARU,WRX SEDAN 2.4 MT tS (VBH),,/cars/default.jpg,MISS,,
SUBARU,WRX SEDAN 2.4 AT tS ES (VBH),,/cars/default.jpg,MISS,,
SUBARU,Forester 2.0i0L (SK7),/cars/Forester 2.0i0L (SK7).jpg,/cars/Forester 2.0i0L (SK7).jpg,OK_EXACT,Forester 2.0i0L (SK7).jpg,
SUBARU,Forester 2.0i0S ES (SK7),/cars/Forester 2.0i0S ES (SK7).jpg,/cars/Forester 2.0i0S ES (SK7).jpg,OK_EXACT,Forester 2.0i0S ES (SK7).jpg,
SUBARU,Crosstrek 2.0i0S ES (GU7),/cars/Crosstrek 2.0i0S ES (GU7).jpg,/cars/Crosstrek 2.0i0S ES (GU7).jpg,OK_EXACT,Crosstrek 2.0i0S ES (GU7).jpg,
SUBARU,Forester 2.5i0S ES (SL9),/cars/Forester 2.5i0S ES (SL9).jpg,/cars/Forester 2.5i0S ES (SL9).jpg,OK_EXACT,Forester 2.5i0S ES (SL9).jpg,
SUBARU,Outback 2.5i0T ES (BT9),/cars/Outback 2.5i0T ES (BT9).jpg,/cars/Outback 2.5i0T ES (BT9).jpg,OK_EXACT,Outback 2.5i0T ES (BT9).jpg,
SUBARU,WRX WAGON 2.4 GT0S ES (VNH),/cars/WRX WAGON 2.4 GT0S ES (VNH).jpg,/cars/WRX WAGON 2.4 GT0S ES (VNH).jpg,OK_EXACT,WRX WAGON 2.4 GT0S ES (VNH).jpg,
SUBARU,WRX WAGON 2.4 tS ES (VNH),/cars/WRX WAGON 2.4 tS ES (VNH).jpg,/cars/WRX WAGON 2.4 tS ES (VNH).jpg,OK_EXACT,WRX WAGON 2.4 tS ES (VNH).jpg,
SUZUKI,Alpha Hybrid 2Tone Mt,/cars/Alpha Hybrid 2Tone Mt.jpg,/cars/Alpha Hybrid 2Tone Mt.jpg,OK_EXACT,Alpha Hybrid 2Tone Mt.jpg,
SUZUKI,Alpha Hybrid 2Tone At,/cars/Alpha Hybrid 2Tone At.jpg,/cars/Alpha Hybrid 2Tone At.jpg,OK_EXACT,Alpha Hybrid 2Tone At.jpg,
SUZUKI,Fronx Gl Mt,/cars/Fronx Gl Mt.jpg,/cars/Fronx Gl Mt.jpg,OK_EXACT,Fronx Gl Mt.jpg,
SUZUKI,Fronx Gl At,/cars/Fronx Gl At.jpg,/cars/Fronx Gl At.jpg,OK_EXACT,Fronx Gl At.jpg,
SUZUKI,Fronx Hybrid Gx Mt,/cars/Fronx Hybrid Gx Mt.jpg,/cars/Fronx Hybrid Gx Mt.jpg,OK_EXACT,Fronx Hybrid Gx Mt.jpg,
SUZUKI,Fronx Hybrid Gx At,/cars/Fronx Hybrid Gx At.jpg,/cars/Fronx Hybrid Gx At.jpg,OK_EXACT,Fronx Hybrid Gx At.jpg,
SUZUKI,Fronx Hybrid Sgx At,/cars/Fronx Hybrid Sgx At.jpg,/cars/Fronx Hybrid Sgx At.jpg,OK_EXACT,Fronx Hybrid Sgx At.jpg,
SUZUKI,Fronx Hybrid Sgx 2Tone At,/cars/Fronx Hybrid Sgx 2Tone At.jpg,/cars/Fronx Hybrid Sgx 2Tone At.jpg,OK_EXACT,Fronx Hybrid Sgx 2Tone At.jpg,
SUZUKI,S Presso MT,/cars/S Presso MT.jpg,/cars/S Presso MT.jpg,OK_EXACT,S Presso MT.jpg,
SUZUKI,S Presso AT,/cars/S Presso AT.jpg,/cars/S Presso AT.jpg,OK_EXACT,S Presso AT.jpg,
SUZUKI,All New Ertiga GA,/cars/All New Ertiga GA.jpg,/cars/All New Ertiga GA.jpg,OK_EXACT,All New Ertiga GA.jpg,
SUZUKI,All New Ertiga GL MT,/cars/All New Ertiga GL MT.jpg,/cars/All New Ertiga GL MT.jpg,OK_EXACT,All New Ertiga GL MT.jpg,
SUZUKI,All New Ertiga GX MT,/cars/All New Ertiga GX MT.jpg,/cars/All New Ertiga GX MT.jpg,OK_EXACT,All New Ertiga GX MT.jpg,
SUZUKI,All New Ertiga GL AT,/cars/All New Ertiga GL AT.jpg,/cars/All New Ertiga GL AT.jpg,OK_EXACT,All New Ertiga GL AT.jpg,
SUZUKI,All New Ertiga Gx Hybrid Mt,/cars/All New Ertiga Gx Hybrid Mt.jpg,/cars/All New Ertiga Gx Hybrid Mt.jpg,OK_EXACT,All New Ertiga Gx Hybrid Mt.jpg,
SUZUKI,All New Ertiga Gx Hybrid At,/cars/All New Ertiga Gx Hybrid At.jpg,/cars/All New Ertiga Gx Hybrid At.jpg,OK_EXACT,All New Ertiga Gx Hybrid At.jpg,
SUZUKI,All New Ertiga Cr Hybrid Mt,/cars/All New Ertiga Cr Hybrid Mt.jpg,/cars/All New Ertiga Cr Hybrid Mt.jpg,OK_EXACT,All New Ertiga Cr Hybrid Mt.jpg,
SUZUKI,All New Ertiga Cr Hybrid At,/cars/All New Ertiga Cr Hybrid At.jpg,/cars/All New Ertiga Cr Hybrid At.jpg,OK_EXACT,All New Ertiga Cr Hybrid At.jpg,
SUZUKI,All New Ertiga Cr Hybrid 2Tone Mt,/cars/All New Ertiga Cr Hybrid 2Tone Mt.jpg,/cars/All New Ertiga Cr Hybrid 2Tone Mt.jpg,OK_EXACT,All New Ertiga Cr Hybrid 2Tone Mt.jpg,
SUZUKI,All New Ertiga Cr Hybrid 2Tone At,/cars/All New Ertiga Cr Hybrid 2Tone At.jpg,/cars/All New Ertiga Cr Hybrid 2Tone At.jpg,OK_EXACT,All New Ertiga Cr Hybrid 2Tone At.jpg,
SUZUKI,Xl 7 Zeta MT,/cars/Xl 7 Zeta MT.jpg,/cars/Xl 7 Zeta MT.jpg,OK_EXACT,Xl 7 Zeta MT.jpg,
SUZUKI,XL07 Zeta AT,/cars/XL07 Zeta AT.jpg,/cars/XL07 Zeta AT.jpg,OK_EXACT,XL07 Zeta AT.jpg,
SUZUKI,XL07  Beta Hybrid MT,,/cars/default.jpg,MISS,,
SUZUKI,XL07 Beta Hybrid AT,,/cars/default.jpg,MISS,,
SUZUKI,XL07 Alpha Hybrid MT,/cars/XL07 Alpha Hybrid MT.jpg,/cars/XL07 Alpha Hybrid MT.jpg,OK_EXACT,XL07 Alpha Hybrid MT.jpg,
SUZUKI,XL07 Alpha Hybrid AT,/cars/XL07 Alpha Hybrid AT.jpg,/cars/XL07 Alpha Hybrid AT.jpg,OK_EXACT,XL07 Alpha Hybrid AT.jpg,
SUZUKI,XL07 Alapha Kuro Hybrid At,/cars/XL07 Alapha Kuro Hybrid At.jpg,/cars/XL07 Alapha Kuro Hybrid At.jpg,OK_EXACT,XL07 Alapha Kuro Hybrid At.jpg,
SUZUKI,XL07 Alapha Kuro Hybrid 2Tone At,/cars/XL07 Alapha Kuro Hybrid 2Tone At.jpg,/cars/XL07 Alapha Kuro Hybrid 2Tone At.jpg,OK_EXACT,XL07 Alapha Kuro Hybrid 2Tone At.jpg,
SUZUKI,New Baleno,/cars/New Baleno.jpg,/cars/New Baleno.jpg,OK_EXACT,New Baleno.jpg,
SUZUKI,New Baleno AT,/cars/New Baleno AT.jpg,/cars/New Baleno AT.jpg,OK_EXACT,New Baleno AT.jpg,
SUZUKI,APV GE,/cars/APV GE.jpg,/cars/APV GE.jpg,OK_EXACT,APV GE.jpg,
SUZUKI,APV GL,/cars/APV GL.jpg,/cars/APV GL.jpg,OK_EXACT,APV GL.jpg,
SUZUKI,APV GX,/cars/APV GX.jpg,/cars/APV GX.jpg,OK_EXACT,APV GX.jpg,
SUZUKI,APV SGX,/cars/APV SGX.jpg,/cars/APV SGX.jpg,OK_EXACT,APV SGX.jpg,
SUZUKI,Grand Vitara GL AT,/cars/Grand Vitara GL AT.jpg,/cars/Grand Vitara GL AT.jpg,OK_EXACT,Grand Vitara GL AT.jpg,
SUZUKI,Grand Vitara GX AT,/cars/Grand Vitara GX AT.jpg,/cars/Grand Vitara GX AT.jpg,OK_EXACT,Grand Vitara GX AT.jpg,
SUZUKI,Grand Vitara 2TONE GX AT,/cars/Grand Vitara 2TONE GX AT.jpg,/cars/Grand Vitara 2TONE GX AT.jpg,OK_EXACT,Grand Vitara 2TONE GX AT.jpg,
SUZUKI,New Jimny MT,/cars/New Jimny MT.jpg,/cars/New Jimny MT.jpg,OK_EXACT,New Jimny MT.jpg,
SUZUKI,New Jimny AT,/cars/New Jimny AT.png,/cars/New Jimny AT.png,OK_EXACT,New Jimny AT.png,
SUZUKI,New Jimny 2TONE MT,/cars/New Jimny 2TONE MT.png,/cars/New Jimny 2TONE MT.png,OK_EXACT,New Jimny 2TONE MT.png,
SUZUKI,New Jimny 2TONE AT,/cars/New Jimny 2TONE AT.png,/cars/New Jimny 2TONE AT.png,OK_EXACT,New Jimny 2TONE AT.png,
SUZUKI,Jimny 5 Doors At,/cars/Jimny 5 Doors At.jpg,/cars/Jimny 5 Doors At.jpg,OK_EXACT,Jimny 5 Doors At.jpg,
SUZUKI,Jimny 5 Doors Mt,/cars/Jimny 5 Doors Mt.jpg,/cars/Jimny 5 Doors Mt.jpg,OK_EXACT,Jimny 5 Doors Mt.jpg,
SUZUKI,Jimny 5 Doors 2Tone At,/cars/Jimny 5 Doors 2Tone At.jpg,/cars/Jimny 5 Doors 2Tone At.jpg,OK_EXACT,Jimny 5 Doors 2Tone At.jpg,
SUZUKI,Jimny 5 Doors 2Tone Mt,/cars/Jimny 5 Doors 2Tone Mt.png,/cars/Jimny 5 Doors 2Tone Mt.png,OK_EXACT,Jimny 5 Doors 2Tone Mt.png,
SUZUKI,Jimny 5D White Rhino At,/cars/Jimny 5D White Rhino At.png,/cars/Jimny 5D White Rhino At.png,OK_EXACT,Jimny 5D White Rhino At.png,
SUZUKI,New Carry PU FD,/cars/New Carry PU FD.jpg,/cars/New Carry PU FD.jpg,OK_EXACT,New Carry PU FD.jpg,
SUZUKI,New Carry PU WD,/cars/New Carry PU WD.jpg,/cars/New Carry PU WD.jpg,OK_EXACT,New Carry PU WD.jpg,
SUZUKI,New Carry CH,/cars/New Carry CH.png,/cars/New Carry CH.png,OK_EXACT,New Carry CH.png,
TOYOTA,VIOS 1.5 G AT FMC,/cars/VIOS 1.5 G AT FMC.jpg,/cars/VIOS 1.5 G AT FMC.jpg,OK_EXACT,VIOS 1.5 G AT FMC.jpg,
TOYOTA,All New Corolla Altis 1.8 V A/T 2023,/cars/All New Corolla Altis 1.8 V AT 2023.png,/cars/All New Corolla Altis 1.8 V AT 2023.png,OK_EXACT,All New Corolla Altis 1.8 V AT 2023.png,
TOYOTA,All New Corolla Altis 1.8 Hybrid AT 2023,/cars/All New Corolla Altis 1.8 Hybrid AT 2023.jpg,/cars/All New Corolla Altis 1.8 Hybrid AT 2023.jpg,OK_EXACT,All New Corolla Altis 1.8 Hybrid AT 2023.jpg,
TOYOTA,All New Camry 2.5 V 2021,/cars/All New Camry 2.5 V 2021.jpg,/cars/All New Camry 2.5 V 2021.jpg,OK_EXACT,All New Camry 2.5 V 2021.jpg,
TOYOTA,All New Camry 2.5 Hev 2021,/cars/All New Camry 2.5 Hev 2021.jpg,/cars/All New Camry 2.5 Hev 2021.jpg,OK_EXACT,All New Camry 2.5 Hev 2021.jpg,
TOYOTA,Prius 1.8 Hybrid 2023,/cars/Prius 1.8 Hybrid 2023.jpg,/cars/Prius 1.8 Hybrid 2023.jpg,OK_EXACT,Prius 1.8 Hybrid 2023.jpg,
TOYOTA,GR 86,/cars/GR 86.jpg,/cars/GR 86.jpg,OK_EXACT,GR 86.jpg,
TOYOTA,GR 86 AT,/cars/GR 86AT.jpg,/cars/GR 86AT.jpg,OK_EXACT,GR 86AT.jpg,
TOYOTA,Supra 3.0 AT,,/cars/default.jpg,MISS,,
TOYOTA,GR Supra 3.0 AT,,/cars/default.jpg,MISS,,
TOYOTA,Crown,/cars/Crown.jpg,/cars/Crown.jpg,OK_EXACT,Crown.jpg,
TOYOTA,All New Agya 1.2 G M/T FMC 2023,/cars/All New Agya 1.2 G MT FMC 2023.jpg,/cars/All New Agya 1.2 G MT FMC 2023.jpg,OK_EXACT,All New Agya 1.2 G MT FMC 2023.jpg,
TOYOTA,New Agya 1.2 Gr Cvt Mi 2025,/cars/New Agya 1.2 Gr Cvt Mi 2025.jpg,/cars/New Agya 1.2 Gr Cvt Mi 2025.jpg,OK_EXACT,New Agya 1.2 Gr Cvt Mi 2025.jpg,
TOYOTA,All New Agya 1.2 Gr0S Cvt Fmc 2023,/cars/All New Agya 1.2 Gr0S Cvt Fmc 2023.jpg,/cars/All New Agya 1.2 Gr0S Cvt Fmc 2023.jpg,OK_EXACT,All New Agya 1.2 Gr0S Cvt Fmc 2023.jpg,
TOYOTA,All New Agya 1.2 Gr0S M/T Fmc 2023,/cars/All New Agya 1.2 Gr0S MT Fmc 2023.jpg,/cars/All New Agya 1.2 Gr0S MT Fmc 2023.jpg,OK_EXACT,All New Agya 1.2 Gr0S MT Fmc 2023.jpg,
TOYOTA,All New Avanza 1.3 E 2021,/cars/All New Avanza 1.3 E 2021.jpeg,/cars/All New Avanza 1.3 E 2021.jpeg,OK_EXACT,All New Avanza 1.3 E 2021.jpeg,
TOYOTA,All New Avanza 1.3 E Cvt 2021,/cars/All New Avanza 1.3 E Cvt 2021.jpeg,/cars/All New Avanza 1.3 E Cvt 2021.jpeg,OK_EXACT,All New Avanza 1.3 E Cvt 2021.jpeg,
TOYOTA,All New Avanza 1.5 G 2021,/cars/All New Avanza 1.5 G 2021.jpeg,/cars/All New Avanza 1.5 G 2021.jpeg,OK_EXACT,All New Avanza 1.5 G 2021.jpeg,
TOYOTA,All New Avanza 1.5 G CVT 2021,/cars/All New Avanza 1.5 G CVT 2021.jpeg,/cars/All New Avanza 1.5 G CVT 2021.jpeg,OK_EXACT,All New Avanza 1.5 G CVT 2021.jpeg,
TOYOTA,All New Veloz 1.5 CVT 2021,/cars/All New Veloz 1.5 CVT 2021.jpeg,/cars/All New Veloz 1.5 CVT 2021.jpeg,OK_EXACT,All New Veloz 1.5 CVT 2021.jpeg,
TOYOTA,All New Veloz 1.5 Q Cvt 2021,/cars/All New Veloz 1.5 Q Cvt 2021.jpeg,/cars/All New Veloz 1.5 Q Cvt 2021.jpeg,OK_EXACT,All New Veloz 1.5 Q Cvt 2021.jpeg,
TOYOTA,All New Veloz 1.5 Q Cvt Tss 2021,/cars/All New Veloz 1.5 Q Cvt Tss 2021.jpeg,/cars/All New Veloz 1.5 Q Cvt Tss 2021.jpeg,OK_EXACT,All New Veloz 1.5 Q Cvt Tss 2021.jpeg,
TOYOTA,RAIZE 1.0T G One Tone New 2021,/cars/RAIZE 1.0T G One Tone New 2021.jpg,/cars/RAIZE 1.0T G One Tone New 2021.jpg,OK_EXACT,RAIZE 1.0T G One Tone New 2021.jpg,
TOYOTA,RAIZE 1.0T G CVT One Tone New 2021,/cars/RAIZE 1.0T G CVT One Tone New 2021.jpg,/cars/RAIZE 1.0T G CVT One Tone New 2021.jpg,OK_EXACT,RAIZE 1.0T G CVT One Tone New 2021.jpg,
TOYOTA,RAIZE 1.0T G CVT Two Tone New 2021,/cars/RAIZE 1.0T G CVT Two Tone New 2021.jpg,/cars/RAIZE 1.0T G CVT Two Tone New 2021.jpg,OK_EXACT,RAIZE 1.0T G CVT Two Tone New 2021.jpg,
TOYOTA,RAIZE 1.0T GR CVT One Tone New 2021,/cars/RAIZE 1.0T GR CVT One Tone New 2021.jpg,/cars/RAIZE 1.0T GR CVT One Tone New 2021.jpg,OK_EXACT,RAIZE 1.0T GR CVT One Tone New 2021.jpg,
TOYOTA,RAIZE 1.0T GR CVT Two Tone New 2021,/cars/RAIZE 1.0T GR CVT Two Tone New 2021.jpg,/cars/RAIZE 1.0T GR CVT Two Tone New 2021.jpg,OK_EXACT,RAIZE 1.0T GR CVT Two Tone New 2021.jpg,
TOYOTA,Raize 1.0T Gr Tss Cvt Two Tone New 2021,/cars/Raize 1.0T Gr Tss Cvt Two Tone New 2021.jpg,/cars/Raize 1.0T Gr Tss Cvt Two Tone New 2021.jpg,OK_EXACT,Raize 1.0T Gr Tss Cvt Two Tone New 2021.jpg,
TOYOTA,Raize 1.2T G New 2021,/cars/Raize 1.2T G New 2021.jpg,/cars/Raize 1.2T G New 2021.jpg,OK_EXACT,Raize 1.2T G New 2021.jpg,
TOYOTA,Raize 1.2T G CVT New 2021,/cars/Raize 1.2T G CVT New 2021.jpg,/cars/Raize 1.2T G CVT New 2021.jpg,OK_EXACT,Raize 1.2T G CVT New 2021.jpg,
TOYOTA,New Rush  1.5 G AT,/cars/New Rush 1.5 G AT.jpg,/cars/New Rush 1.5 G AT.jpg,OK_EXACT,New Rush 1.5 G AT.jpg,
TOYOTA,New Rush1.5 GR Sport 2021,/cars/New Rush1.5 GR Sport 2021.jpg,/cars/New Rush1.5 GR Sport 2021.jpg,OK_EXACT,New Rush1.5 GR Sport 2021.jpg,
TOYOTA,New Rush 1.5 GR Sport AT 2021,/cars/New Rush 1.5 GR Sport AT 2021.jpg,/cars/New Rush 1.5 GR Sport AT 2021.jpg,OK_EXACT,New Rush 1.5 GR Sport AT 2021.jpg,
TOYOTA,Rush 1.5 G Imp 2024,/cars/Rush 1.5 G Imp 2024.jpg,/cars/Rush 1.5 G Imp 2024.jpg,OK_EXACT,Rush 1.5 G Imp 2024.jpg,
TOYOTA,Rush 1.5 Gr Sport A/T Imp 2024,/cars/Rush 1.5 Gr Sport AT Imp 2024.jpg,/cars/Rush 1.5 Gr Sport AT Imp 2024.jpg,OK_EXACT,Rush 1.5 Gr Sport AT Imp 2024.jpg,
TOYOTA,Rush 1.5 Gr Sport Imp 2024,/cars/Rush 1.5 Gr Sport Imp 2024.jpg,/cars/Rush 1.5 Gr Sport Imp 2024.jpg,OK_EXACT,Rush 1.5 Gr Sport Imp 2024.jpg,
TOYOTA,Rush 1.5 G A/T IMP 2024,/cars/Rush 1.5 G AT IMP 2024.jpg,/cars/Rush 1.5 G AT IMP 2024.jpg,OK_EXACT,Rush 1.5 G AT IMP 2024.jpg,
TOYOTA,New Yaris 1.5 GR Sport CVT 3 Airbag 2023,/cars/New Yaris 1.5 GR Sport CVT 3 Airbag 2023.jpg,/cars/New Yaris 1.5 GR Sport CVT 3 Airbag 2023.jpg,OK_EXACT,New Yaris 1.5 GR Sport CVT 3 Airbag 2023.jpg,
TOYOTA,New Yaris 1.5 GR Sport CVT 7 Airbag 2023,/cars/New Yaris 1.5 GR Sport CVT 7 Airbag 2023.jpg,/cars/New Yaris 1.5 GR Sport CVT 7 Airbag 2023.jpg,OK_EXACT,New Yaris 1.5 GR Sport CVT 7 Airbag 2023.jpg,
TOYOTA,New Yaris Cross 1.5 G,/cars/New Yaris Cross 1.5 G.jpg,/cars/New Yaris Cross 1.5 G.jpg,OK_EXACT,New Yaris Cross 1.5 G.jpg,
TOYOTA,New Yaris Cross 1.5 G Cvt,/cars/New Yaris Cross 1.5 G Cvt.jpg,/cars/New Yaris Cross 1.5 G Cvt.jpg,OK_EXACT,New Yaris Cross 1.5 G Cvt.jpg,
TOYOTA,New Yaris Cross 1.5 S Cvt Tss,/cars/New Yaris Cross 1.5 S Cvt Tss.jpg,/cars/New Yaris Cross 1.5 S Cvt Tss.jpg,OK_EXACT,New Yaris Cross 1.5 S Cvt Tss.jpg,
TOYOTA,New Yaris Cross 1.5 S Gr Cvt Tss,/cars/New Yaris Cross 1.5 S Gr Cvt Tss.jpg,/cars/New Yaris Cross 1.5 S Gr Cvt Tss.jpg,OK_EXACT,New Yaris Cross 1.5 S Gr Cvt Tss.jpg,
TOYOTA,New Yaris Cross 1.5 S Hv Gr Cvt Tss,/cars/New Yaris Cross 1.5 S Hv Gr Cvt Tss.jpg,/cars/New Yaris Cross 1.5 S Hv Gr Cvt Tss.jpg,OK_EXACT,New Yaris Cross 1.5 S Hv Gr Cvt Tss.jpg,
TOYOTA,New Yaris Cross 1.5 S Hv Gr Cvt Tss Premium Color,/cars/New Yaris Cross 1.5 S Hv Gr Cvt Tss Premium Color.jpg,/cars/New Yaris Cross 1.5 S Hv Gr Cvt Tss Premium Color.jpg,OK_EXACT,New Yaris Cross 1.5 S Hv Gr Cvt Tss Premium Color.jpg,
TOYOTA,New Yaris Cross 1.5 S Hv Cvt Tss,/cars/New Yaris Cross 1.5 S Hv Cvt Tss.jpg,/cars/New Yaris Cross 1.5 S Hv Cvt Tss.jpg,OK_EXACT,New Yaris Cross 1.5 S Hv Cvt Tss.jpg,
TOYOTA,New Yaris Cross 1.5 S Hv Cvt Tss Premium Color,/cars/New Yaris Cross 1.5 S Hv Cvt Tss Premium Color.jpg,/cars/New Yaris Cross 1.5 S Hv Cvt Tss Premium Color.jpg,OK_EXACT,New Yaris Cross 1.5 S Hv Cvt Tss Premium Color.jpg,
TOYOTA,BZ4X EV,/cars/BZ4X EV.jpg,/cars/BZ4X EV.jpg,OK_EXACT,BZ4X EV.jpg,
TOYOTA,All New Kijang Innova G Dsl 2022,/cars/All New Kijang Innova G Dsl 2022.jpg,/cars/All New Kijang Innova G Dsl 2022.jpg,OK_EXACT,All New Kijang Innova G Dsl 2022.jpg,
TOYOTA,All New Kijang Innova G A/T Dsl 2022,/cars/All New Kijang Innova G AT Dsl 2022.jpg,/cars/All New Kijang Innova G AT Dsl 2022.jpg,OK_EXACT,All New Kijang Innova G AT Dsl 2022.jpg,
TOYOTA,All New Kijang Innova G Imp 2022,/cars/All New Kijang Innova G Imp 2022.jpg,/cars/All New Kijang Innova G Imp 2022.jpg,OK_EXACT,All New Kijang Innova G Imp 2022.jpg,
TOYOTA,All New Kijang Innova Zenix G Cvt 2.0,/cars/All New Kijang Innova Zenix G Cvt 2.0.jpg,/cars/All New Kijang Innova Zenix G Cvt 2.0.jpg,OK_EXACT,All New Kijang Innova Zenix G Cvt 2.0.jpg,
TOYOTA,All New Kijang Innova Zenix V Cvt 2.0,/cars/All New Kijang Innova Zenix V Cvt 2.0.jpg,/cars/All New Kijang Innova Zenix V Cvt 2.0.jpg,OK_EXACT,All New Kijang Innova Zenix V Cvt 2.0.jpg,
TOYOTA,All New Kijang Innova Zenix G Hev Cvt 2.0,/cars/All New Kijang Innova Zenix G Hev Cvt 2.0.jpg,/cars/All New Kijang Innova Zenix G Hev Cvt 2.0.jpg,OK_EXACT,All New Kijang Innova Zenix G Hev Cvt 2.0.jpg,
TOYOTA,All New Kijang Innova Zenix V Hev Cvt 2.0,/cars/All New Kijang Innova Zenix V Hev Cvt 2.0.jpg,/cars/All New Kijang Innova Zenix V Hev Cvt 2.0.jpg,OK_EXACT,All New Kijang Innova Zenix V Hev Cvt 2.0.jpg,
TOYOTA,All New Kijang Innova Zenix Q Hev Cvt Tss 2.0 Modellista,/cars/All New Kijang Innova Zenix Q Hev Cvt Tss 2.0 Modellista.jpg,/cars/All New Kijang Innova Zenix Q Hev Cvt Tss 2.0 Modellista.jpg,OK_EXACT,All New Kijang Innova Zenix Q Hev Cvt Tss 2.0 Modellista.jpg,
TOYOTA,All New Kijang Innova Zenix G Cvt 2.0 2025,/cars/All New Kijang Innova Zenix G Cvt 2.0 2025.jpg,/cars/All New Kijang Innova Zenix G Cvt 2.0 2025.jpg,OK_EXACT,All New Kijang Innova Zenix G Cvt 2.0 2025.jpg,
TOYOTA,All New Kijang Innova Zenix G Hev Cvt 2.0 2025,/cars/All New Kijang Innova Zenix G Hev Cvt 2.0 2025.jpg,/cars/All New Kijang Innova Zenix G Hev Cvt 2.0 2025.jpg,OK_EXACT,All New Kijang Innova Zenix G Hev Cvt 2.0 2025.jpg,
TOYOTA,All New Kijang Innova Zenix V Hev Cvt 2.0 2025,/cars/All New Kijang Innova Zenix V Hev Cvt 2.0 2025.jpg,/cars/All New Kijang Innova Zenix V Hev Cvt 2.0 2025.jpg,OK_EXACT,All New Kijang Innova Zenix V Hev Cvt 2.0 2025.jpg,
TOYOTA,All New Kijang Innova Zenix Q Hev Cvt Tss 2.0 2025,/cars/All New Kijang Innova Zenix Q Hev Cvt Tss 2.0 2025.jpg,/cars/All New Kijang Innova Zenix Q Hev Cvt Tss 2.0 2025.jpg,OK_EXACT,All New Kijang Innova Zenix Q Hev Cvt Tss 2.0 2025.jpg,
TOYOTA,Corolla Cross 1.8 A/T Hev,,/cars/default.jpg,MISS,,
TOYOTA,Corolla Cross 1.8 A/T Hev Gr Sport,,/cars/default.jpg,MISS,,
TOYOTA,Voxy 2.0 AT,,/cars/default.jpg,MISS,,
TOYOTA,Alphard 2.5 G At,/cars/Alphard 2.5 G At.jpg,/cars/Alphard 2.5 G At.jpg,OK_EXACT,Alphard 2.5 G At.jpg,
TOYOTA,Alphard 2.5 G Cvt,/cars/Alphard 2.5 G Cvt.jpg,/cars/Alphard 2.5 G Cvt.jpg,OK_EXACT,Alphard 2.5 G Cvt.jpg,
TOYOTA,Alphard 2.5 X Cvt,/cars/Alphard 2.5 X Cvt.jpg,/cars/Alphard 2.5 X Cvt.jpg,OK_EXACT,Alphard 2.5 X Cvt.jpg,
TOYOTA,Alphard 2.5 Hev Cvt,/cars/Alphard 2.5 Hev Cvt.jpg,/cars/Alphard 2.5 Hev Cvt.jpg,OK_EXACT,Alphard 2.5 Hev Cvt.jpg,
TOYOTA,Vellflre 2.5,/cars/Vellflre 2.5.jpg,/cars/Vellflre 2.5.jpg,OK_EXACT,Vellflre 2.5.jpg,
TOYOTA,Vellflre 2.5 VIP Hybrid,/cars/Vellflre 2.5 VIP Hybrid.jpg,/cars/Vellflre 2.5 VIP Hybrid.jpg,OK_EXACT,Vellflre 2.5 VIP Hybrid.jpg,
TOYOTA,GR Yaris 1.6,/cars/GR Yaris 1.6.jpg,/cars/GR Yaris 1.6.jpg,OK_EXACT,GR Yaris 1.6.jpg,
TOYOTA,GR Yaris 1.6 AT,,/cars/default.jpg,MISS,,
TOYOTA,Fortuner Srz 2.7 A/T Imp 2024,,/cars/default.jpg,MISS,,
TOYOTA,Fortuner Vrz 2.8 TSS Dsl A/T Imp 2024,/cars/Fortuner Vrz 2.8 TSS Dsl AT Imp 2024.jpg,/cars/Fortuner Vrz 2.8 TSS Dsl AT Imp 2024.jpg,OK_EXACT,Fortuner Vrz 2.8 TSS Dsl AT Imp 2024.jpg,
TOYOTA,New Fortuner G 2.4 Dsl Imp 2024,/cars/New Fortuner G 2.4 Dsl Imp 2024.jpg,/cars/New Fortuner G 2.4 Dsl Imp 2024.jpg,OK_EXACT,New Fortuner G 2.4 Dsl Imp 2024.jpg,
TOYOTA,New Fortuner G 2.4 Dsl A/T Imp 2024,/cars/New Fortuner G 2.4 Dsl AT Imp 2024.jpg,/cars/New Fortuner G 2.4 Dsl AT Imp 2024.jpg,OK_EXACT,New Fortuner G 2.4 Dsl AT Imp 2024.jpg,
TOYOTA,Hi-ACE Commuter HI Grade,/cars/Hi-ACE Commuter HI Grade.jpg,/cars/Hi-ACE Commuter HI Grade.jpg,OK_EXACT,Hi-ACE Commuter HI Grade.jpg,
TOYOTA,New Fortuner Srz 2.7 With Gr Parts A/T Imp 2024,/cars/New Fortuner Srz 2.7 With Gr Parts AT Imp 2024.jpg,/cars/New Fortuner Srz 2.7 With Gr Parts AT Imp 2024.jpg,OK_EXACT,New Fortuner Srz 2.7 With Gr Parts AT Imp 2024.jpg,
TOYOTA,New Fortuner Vrz 2.8 AT 2022,,/cars/default.jpg,MISS,,
TOYOTA,New Fortuner Vrz 2.8 Gr Sport AT 2022,/cars/New Fortuner Vrz 2.8 Gr Sport AT 2022.jpg,/cars/New Fortuner Vrz 2.8 Gr Sport AT 2022.jpg,OK_EXACT,New Fortuner Vrz 2.8 Gr Sport AT 2022.jpg,
TOYOTA,New Fortuner Vrz 2.8 With Gr Parts Tss Dsl A/T Imp 2024,/cars/New Fortuner Vrz 2.8 With Gr Parts Tss Dsl AT Imp 2024.jpg,/cars/New Fortuner Vrz 2.8 With Gr Parts Tss Dsl AT Imp 2024.jpg,OK_EXACT,New Fortuner Vrz 2.8 With Gr Parts Tss Dsl AT Imp 2024.jpg,
TOYOTA,New Fortuner Vrz 2.8 Dsl A/T Imp 2024,/cars/New Fortuner Vrz 2.8 Dsl AT Imp 2024.jpg,/cars/New Fortuner Vrz 2.8 Dsl AT Imp 2024.jpg,OK_EXACT,New Fortuner Vrz 2.8 Dsl AT Imp 2024.jpg,
TOYOTA,Hi-ACE 2.8 Premio,/cars/Hi-ACE 2.8 Premio.jpg,/cars/Hi-ACE 2.8 Premio.jpg,OK_EXACT,Hi-ACE 2.8 Premio.jpg,
TOYOTA,Land Cruiser 300 GR0S,/cars/Land Cruiser 300 GR0S.jpeg,/cars/Land Cruiser 300 GR0S.jpeg,OK_EXACT,Land Cruiser 300 GR0S.jpeg,
TOYOTA,Land Cruiser 300 VX0R,/cars/Land Cruiser 300 VX0R.jpeg,/cars/Land Cruiser 300 VX0R.jpeg,OK_EXACT,Land Cruiser 300 VX0R.jpeg,
TOYOTA,Land Cruiser 70,/cars/Land Cruiser 70.jpg,/cars/Land Cruiser 70.jpg,OK_EXACT,Land Cruiser 70.jpg,
TOYOTA,New Fortuner 2.8 With Gr Parts 4X4 Dsl A/T Imp 2024,/cars/New Fortuner 2.8 With Gr Parts 4X4 Dsl AT Imp 2024.jpg,/cars/New Fortuner 2.8 With Gr Parts 4X4 Dsl AT Imp 2024.jpg,OK_EXACT,New Fortuner 2.8 With Gr Parts 4X4 Dsl AT Imp 2024.jpg,
TOYOTA,New Fortuner Vrz 2.8 4X4 Dsl A/T Imp 2024,/cars/New Fortuner Vrz 2.8 4X4 Dsl AT Imp 2024.jpg,/cars/New Fortuner Vrz 2.8 4X4 Dsl AT Imp 2024.jpg,OK_EXACT,New Fortuner Vrz 2.8 4X4 Dsl AT Imp 2024.jpg,
TOYOTA,New Fortuner 2.8 Gr Sport 4X4 Dsl A/T Imp 2024,/cars/New Fortuner 2.8 Gr Sport 4X4 Dsl AT Imp 2024.jpg,/cars/New Fortuner 2.8 Gr Sport 4X4 Dsl AT Imp 2024.jpg,OK_EXACT,New Fortuner 2.8 Gr Sport 4X4 Dsl AT Imp 2024.jpg,
TOYOTA,New Agya 1.2 G Cvt Mi 2025,/cars/New Agya 1.2 G Cvt Mi 2025.jpg,/cars/New Agya 1.2 G Cvt Mi 2025.jpg,OK_EXACT,New Agya 1.2 G Cvt Mi 2025.jpg,
TOYOTA,Calya 1.2 E Std 2022,/cars/Calya 1.2 E Std 2022.jpg,/cars/Calya 1.2 E Std 2022.jpg,OK_EXACT,Calya 1.2 E Std 2022.jpg,
TOYOTA,Calya 1.2 E 2022,/cars/Calya 1.2 E 2022.jpg,/cars/Calya 1.2 E 2022.jpg,OK_EXACT,Calya 1.2 E 2022.jpg,
TOYOTA,Calya 1.2 G 2022,/cars/Calya 1.2 G 2022.jpg,/cars/Calya 1.2 G 2022.jpg,OK_EXACT,Calya 1.2 G 2022.jpg,
TOYOTA,Calya 1.2 G AT  2022,/cars/Calya 1.2 G AT 2022.jpg,/cars/Calya 1.2 G AT 2022.jpg,OK_EXACT,Calya 1.2 G AT 2022.jpg,
VINFAST,VF 3,/cars/VF 3.jpg,/cars/VF 3.jpg,OK_EXACT,VF 3.jpg,
VINFAST,VF e34,/cars/VF e34.jpg,/cars/VF e34.jpg,OK_EXACT,VF e34.jpg,
VINFAST,VF 5,/cars/VF 5.jpg,/cars/VF 5.jpg,OK_EXACT,VF 5.jpg,
VINFAST,VF 6 Eco,/cars/VF 6 Eco.jpg,/cars/VF 6 Eco.jpg,OK_EXACT,VF 6 Eco.jpg,
VINFAST,VF 6 Plus,/cars/VF 6 Plus.jpg,/cars/VF 6 Plus.jpg,OK_EXACT,VF 6 Plus.jpg,
VINFAST,VF 7 Eco,/cars/VF 7 Eco.jpg,/cars/VF 7 Eco.jpg,OK_EXACT,VF 7 Eco.jpg,
VOLKSWAGEN,T0Cross 1.0 TSI AT,/cars/T0Cross 1.0 TSI AT.jpg,/cars/T0Cross 1.0 TSI AT.jpg,OK_EXACT,T0Cross 1.0 TSI AT.jpg,
VOLKSWAGEN,Tiguan Allspace 1.4 TSI AT,/cars/Tiguan Allspace 1.4 TSI AT.jpg,/cars/Tiguan Allspace 1.4 TSI AT.jpg,OK_EXACT,Tiguan Allspace 1.4 TSI AT.jpg,
VOLKSWAGEN,ID.BUZZ LWB EV AT,/cars/ID.BUZZ LWB EV AT.jpg,/cars/ID.BUZZ LWB EV AT.jpg,OK_EXACT,ID.BUZZ LWB EV AT.jpg,
VOLVO CARS,XC40 Plugin Hybrid,/cars/XC40 Plugin Hybrid.jpg,/cars/XC40 Plugin Hybrid.jpg,OK_EXACT,XC40 Plugin Hybrid.jpg,
VOLVO CARS,EX30 Plus Electric Vehicles,/cars/EX30 Plus Electric Vehicles.jpg,/cars/EX30 Plus Electric Vehicles.jpg,OK_EXACT,EX30 Plus Electric Vehicles.jpg,
VOLVO CARS,EX30 Ultra Electric Vehicles,/cars/EX30 Ultra Electric Vehicles.jpg,/cars/EX30 Ultra Electric Vehicles.jpg,OK_EXACT,EX30 Ultra Electric Vehicles.jpg,
VOLVO CARS,C40 Electric Vehicles,/cars/C40 Electric Vehicles.jpg,/cars/C40 Electric Vehicles.jpg,OK_EXACT,C40 Electric Vehicles.jpg,
VOLVO CARS,EC40 Electric Vehicles,/cars/EC40 Electric Vehicles.jpg,/cars/EC40 Electric Vehicles.jpg,OK_EXACT,EC40 Electric Vehicles.jpg,
VOLVO CARS,EX40 Electric Vehicles,/cars/EX40 Electric Vehicles.jpg,/cars/EX40 Electric Vehicles.jpg,OK_EXACT,EX40 Electric Vehicles.jpg,
VOLVO CARS,XC40 Electrical Vehicles,/cars/XC40 Electrical Vehicles.jpg,/cars/XC40 Electrical Vehicles.jpg,OK_EXACT,XC40 Electrical Vehicles.jpg,
VOLVO CARS,XC60 Plugin Hybrid,/cars/XC60 Plugin Hybrid.jpg,/cars/XC60 Plugin Hybrid.jpg,OK_EXACT,XC60 Plugin Hybrid.jpg,
VOLVO CARS,XC90 Plugin Hybrid,/cars/XC90 Plugin Hybrid.jpg,/cars/XC90 Plugin Hybrid.jpg,OK_EXACT,XC90 Plugin Hybrid.jpg,
WULING,Confero S 1.5,/cars/Confero S 1.5.jpg,/cars/Confero S 1.5.jpg,OK_EXACT,Confero S 1.5.jpg,
WULING,Confero S 1.5C,/cars/Confero S 1.5C.jpg,/cars/Confero S 1.5C.jpg,OK_EXACT,Confero S 1.5C.jpg,
WULING,Confero S 1.5L,/cars/Confero S 1.5L.jpg,/cars/Confero S 1.5L.jpg,OK_EXACT,Confero S 1.5L.jpg,
WULING,Cortez 1.5S T CVT,/cars/Cortez 1.5S T CVT.jpg,/cars/Cortez 1.5S T CVT.jpg,OK_EXACT,Cortez 1.5S T CVT.jpg,
WULING,Cortez 1.5S T MT,/cars/Cortez 1.5S T MT.jpg,/cars/Cortez 1.5S T MT.jpg,OK_EXACT,Cortez 1.5S T MT.jpg,
WULING,Cortez 1.5 CE,/cars/Cortez 1.5 CE.jpg,/cars/Cortez 1.5 CE.jpg,OK_EXACT,Cortez 1.5 CE.jpg,
WULING,Cortez 1.5 EX,/cars/Cortez 1.5 EX.jpg,/cars/Cortez 1.5 EX.jpg,OK_EXACT,Cortez 1.5 EX.jpg,
WULING,Cortez 1.5S MT,,/cars/default.jpg,MISS,,
WULING,Cortez 1.5C MT,/cars/Cortez 1.5C MT.jpg,/cars/Cortez 1.5C MT.jpg,OK_EXACT,Cortez 1.5C MT.jpg,
WULING,Formo 1.2 BV,/cars/Formo 1.2 BV.jpg,/cars/Formo 1.2 BV.jpg,OK_EXACT,Formo 1.2 BV.jpg,
WULING,Formo 1.2,/cars/Formo 1.2.jpg,/cars/Formo 1.2.jpg,OK_EXACT,Formo 1.2.jpg,
WULING,Air EV Lite,/cars/Air EV Lite.jpg,/cars/Air EV Lite.jpg,OK_EXACT,Air EV Lite.jpg,
WULING,Air EV Lite 300KM,/cars/Air EV Lite 300KM.jpg,/cars/Air EV Lite 300KM.jpg,OK_EXACT,Air EV Lite 300KM.jpg,
WULING,Air EV Standard Range,/cars/Air EV Standard Range.jpg,/cars/Air EV Standard Range.jpg,OK_EXACT,Air EV Standard Range.jpg,
WULING,Air EV Long Range,/cars/Air EV Long Range.jpg,/cars/Air EV Long Range.jpg,OK_EXACT,Air EV Long Range.jpg,
WULING,New Air ev Lite 200KM,/cars/New Air ev Lite 200KM.jpg,/cars/New Air ev Lite 200KM.jpg,OK_EXACT,New Air ev Lite 200KM.jpg,
WULING,New Air ev Lite 300KM,/cars/New Air ev Lite 300KM.jpg,/cars/New Air ev Lite 300KM.jpg,OK_EXACT,New Air ev Lite 300KM.jpg,
WULING,New Air ev Pro 300KM,/cars/New Air ev Pro 300KM.jpg,/cars/New Air ev Pro 300KM.jpg,OK_EXACT,New Air ev Pro 300KM.jpg,
WULING,Binguo 333 KM AC,/cars/Binguo 333 KM AC.jpg,/cars/Binguo 333 KM AC.jpg,OK_EXACT,Binguo 333 KM AC.jpg,
WULING,Binguo 333 KM DC,/cars/Binguo 333 KM DC.jpg,/cars/Binguo 333 KM DC.jpg,OK_EXACT,Binguo 333 KM DC.jpg,
WULING,Binguo 410 KM DC,/cars/Binguo 410 KM DC.jpg,/cars/Binguo 410 KM DC.jpg,OK_EXACT,Binguo 410 KM DC.jpg,
WULING,New Binguo Lite,/cars/New Binguo Lite.jpg,/cars/New Binguo Lite.jpg,OK_EXACT,New Binguo Lite.jpg,
WULING,New Binguo Pro,/cars/New Binguo Pro.jpg,/cars/New Binguo Pro.jpg,OK_EXACT,New Binguo Pro.jpg,
WULING,Cloud 460 KM,/cars/Cloud 460 KM.jpg,/cars/Cloud 460 KM.jpg,OK_EXACT,Cloud 460 KM.jpg,
WULING,New Cloud Pro,/cars/New Cloud Pro.jpg,/cars/New Cloud Pro.jpg,OK_EXACT,New Cloud Pro.jpg,
WULING,New Cloud Lite,/cars/New Cloud Lite.png,/cars/New Cloud Lite.png,OK_EXACT,New Cloud Lite.png,
WULING,Mitra EV MB 400 km,/cars/Mitra EV MB 400 km.jpg,/cars/Mitra EV MB 400 km.jpg,OK_EXACT,Mitra EV MB 400 km.jpg,
WULING,Mitra EV BV 400 km,/cars/Mitra EV BV 400 km.jpg,/cars/Mitra EV BV 400 km.jpg,OK_EXACT,Mitra EV BV 400 km.jpg,
WULING,Mitra EV MB 300 km,/cars/Mitra EV MB 300 km.jpg,/cars/Mitra EV MB 300 km.jpg,OK_EXACT,Mitra EV MB 300 km.jpg,
WULING,Mitra EV BV 300 km,/cars/Mitra EV BV 300 km.jpg,/cars/Mitra EV BV 300 km.jpg,OK_EXACT,Mitra EV BV 300 km.jpg,
WULING,Alvez 1.5 SE,/cars/Alvez 1.5 SE.jpg,/cars/Alvez 1.5 SE.jpg,OK_EXACT,Alvez 1.5 SE.jpg,
WULING,Alvez 1.5 CE,/cars/Alvez 1.5 CE.jpg,/cars/Alvez 1.5 CE.jpg,OK_EXACT,Alvez 1.5 CE.jpg,
WULING,Alvez 1.5 EX,/cars/Alvez 1.5 EX.jpg,/cars/Alvez 1.5 EX.jpg,OK_EXACT,Alvez 1.5 EX.jpg,
WULING,New Almaz RS Pro,/cars/New Almaz RS Pro.jpg,/cars/New Almaz RS Pro.jpg,OK_EXACT,New Almaz RS Pro.jpg,
WULING,Almaz 1.5L,/cars/Almaz 1.5L.jpg,/cars/Almaz 1.5L.jpg,OK_EXACT,Almaz 1.5L.jpg,
WULING,Almaz 1.5E+ T CVT,/cars/Almaz 1.5E+ T CVT.jpg,/cars/Almaz 1.5E+ T CVT.jpg,OK_EXACT,Almaz 1.5E+ T CVT.jpg,
WULING,Almaz RS 1.5T Pro,/cars/Almaz RS 1.5T Pro.jpg,/cars/Almaz RS 1.5T Pro.jpg,OK_EXACT,Almaz RS 1.5T Pro.jpg,
WULING,Cortez 1.8C MT,/cars/Cortez 1.8C MT.jpg,/cars/Cortez 1.8C MT.jpg,OK_EXACT,Cortez 1.8C MT.jpg,
WULING,Cortez 1.8L AT,/cars/Cortez 1.8L AT.jpg,/cars/Cortez 1.8L AT.jpg,OK_EXACT,Cortez 1.8L AT.jpg,
WULING,New Almaz HEV,/cars/New Almaz HEV.jpg,/cars/New Almaz HEV.jpg,OK_EXACT,New Almaz HEV.jpg,
WULING,Almaz RS Hybrid,/cars/Almaz RS Hybrid.jpg,/cars/Almaz RS Hybrid.jpg,OK_EXACT,Almaz RS Hybrid.jpg,
WULING,Formo Max 1.5 MT,,/cars/default.jpg,MISS,,
XPENG,X9 Standard Range Pro (4x2) A/T,/cars/X9 Standard Range Pro (4x2) AT.jpeg,/cars/X9 Standard Range Pro (4x2) AT.jpeg,OK_EXACT,X9 Standard Range Pro (4x2) AT.jpeg,
XPENG,X9 Long Range Pro (4x2) A/T,/cars/X9 Long Range Pro (4x2) AT.jpeg,/cars/X9 Long Range Pro (4x2) AT.jpeg,OK_EXACT,X9 Long Range Pro (4x2) AT.jpeg,
XPENG,X9 Long Range Pro+ (4x2) A/T,/cars/X9 Long Range Pro+ (4x2) AT.jpg,/cars/X9 Long Range Pro+ (4x2) AT.jpg,OK_EXACT,X9 Long Range Pro+ (4x2) AT.jpg,
XPENG,G6 Standard Range (4x2) A/T,/cars/G6 Standard Range (4x2) AT.jpg,/cars/G6 Standard Range (4x2) AT.jpg,OK_EXACT,G6 Standard Range (4x2) AT.jpg,
